source,kind,role,items,frames,exact_motion,with_depth
div2k,still,test,100,100,0,0
div2k,still,train,800,800,0,0
flickr2k,still,train,2650,2650,0,0
game_stills,still,test,250,250,0,0
game_stills,still,train,1200,1200,0,0
gameir,seq,test,30,180,0,30
gameir,seq,train,40,240,0,40
reds,seq,train,221,22100,0,0
sintel,seq,test,10,470,10,0
sintel,seq,train,36,1612,36,0
tartanair,seq,test,10,240,10,10
tartanair,seq,train,55,1320,55,55
vid4,seq,test,4,171,0,0
vimeo1080p,seq,test,40,9223,0,0
vimeo1080p,seq,train,134,34147,0,0
vimeo_septuplet,seq,train,5715,40005,0,0
vimeo_triplet,seq,test,97,291,0,0
