dataset,image,height,width,psnr_y,ssim_y,psnr_rgb,bicubic_psnr_y,bicubic_ssim_y,gain_psnr_y,gain_ssim_y
DIV2K,0801.png,1356,2040,32.401371002197266,0.9054132103919983,31.133277893066406,31.20733070373535,0.8778411746025085,1.194040298461914,0.027572035789489746
DIV2K,0802.png,1356,2040,38.789161682128906,0.9447712898254395,36.745697021484375,37.08773422241211,0.9295611381530762,1.7014274597167969,0.015210151672363281
DIV2K,0803.png,1536,2040,42.579593658447266,0.9844890832901001,40.85026168823242,37.710819244384766,0.9711781144142151,4.8687744140625,0.01331096887588501
DIV2K,0804.png,1200,2040,29.94397735595703,0.8522824048995972,28.406108856201172,28.613683700561523,0.8100814819335938,1.3302936553955078,0.04220092296600342
DIV2K,0805.png,1536,2040,31.460742950439453,0.8518245220184326,30.12923812866211,30.576976776123047,0.8220980167388916,0.8837661743164062,0.029726505279541016
DIV2K,0806.png,1356,2040,31.133882522583008,0.9052417278289795,29.124366760253906,29.712316513061523,0.8767631649971008,1.4215660095214844,0.028478562831878662
DIV2K,0807.png,1128,2040,22.411060333251953,0.6172914505004883,20.93303680419922,21.81177520751953,0.5507734417915344,0.5992851257324219,0.06651800870895386
DIV2K,0808.png,1356,2040,28.98926544189453,0.8555216193199158,27.629425048828125,28.083023071289062,0.8306543231010437,0.9062423706054688,0.02486729621887207
DIV2K,0809.png,1356,2040,36.04118728637695,0.927710771560669,34.54633712768555,34.548011779785156,0.90236896276474,1.4931755065917969,0.025341808795928955
DIV2K,0810.png,1536,2040,29.39773941040039,0.8583229780197144,28.11343002319336,28.494140625,0.8209530711174011,0.9035987854003906,0.03736990690231323
DIV2K,0811.png,1356,2040,31.766963958740234,0.8632030487060547,30.605270385742188,30.89590072631836,0.8329422473907471,0.871063232421875,0.030260801315307617
DIV2K,0812.png,1536,2040,30.08086395263672,0.8637240529060364,28.860349655151367,28.621294021606445,0.8239320516586304,1.4595699310302734,0.039792001247406006
DIV2K,0813.png,1464,2040,34.019248962402344,0.9177922010421753,32.59799575805664,32.19857406616211,0.8961021900177002,1.8206748962402344,0.021690011024475098
DIV2K,0814.png,1356,2040,30.77598762512207,0.928269624710083,29.340309143066406,29.586231231689453,0.9087087512016296,1.1897563934326172,0.01956087350845337
DIV2K,0815.png,1356,2040,37.378135681152344,0.9483582377433777,35.14280319213867,35.98565673828125,0.9377962350845337,1.3924789428710938,0.010562002658843994
DIV2K,0816.png,1356,2040,34.256072998046875,0.895672082901001,32.93381118774414,32.829444885253906,0.8688526749610901,1.4266281127929688,0.02681940793991089
DIV2K,0817.png,1536,2040,35.04584884643555,0.9227124452590942,33.447471618652344,33.76919937133789,0.9062243103981018,1.2766494750976562,0.01648813486099243
DIV2K,0818.png,1536,2040,31.637107849121094,0.9388741254806519,30.23363494873047,29.82539939880371,0.9105497598648071,1.8117084503173828,0.028324365615844727
DIV2K,0819.png,1356,2040,31.067941665649414,0.8893622756004333,29.48654556274414,29.855194091796875,0.8522559404373169,1.212747573852539,0.037106335163116455
DIV2K,0820.png,1356,2040,27.16191864013672,0.857249915599823,25.756528854370117,25.01065444946289,0.7880755662918091,2.151264190673828,0.06917434930801392
DIV2K,0821.png,1356,2040,33.96636199951172,0.9509597420692444,32.475929260253906,29.29613494873047,0.9006905555725098,4.67022705078125,0.05026918649673462
DIV2K,0822.png,1596,2040,33.36243438720703,0.9180124402046204,31.892454147338867,31.508949279785156,0.8806318640708923,1.853485107421875,0.03738057613372803
DIV2K,0823.png,1284,2040,28.13309097290039,0.8619022369384766,26.80056381225586,27.062152862548828,0.8257704377174377,1.0709381103515625,0.03613179922103882
DIV2K,0824.png,1356,2040,30.10442352294922,0.9143859148025513,28.68267059326172,28.185026168823242,0.8822473287582397,1.9193973541259766,0.03213858604431152
DIV2K,0825.png,1356,2040,29.785661697387695,0.8752093315124512,28.395919799804688,27.938201904296875,0.8291007876396179,1.8474597930908203,0.04610854387283325
DIV2K,0826.png,1536,2040,26.115636825561523,0.8102945685386658,24.884653091430664,25.238950729370117,0.7657095789909363,0.8766860961914062,0.04458498954772949
DIV2K,0827.png,1536,2040,35.52775192260742,0.9236972332000732,34.13780212402344,33.46064376831055,0.9028491973876953,2.067108154296875,0.02084803581237793
DIV2K,0828.png,1356,2040,21.31829833984375,0.8867745399475098,20.219785690307617,18.74718475341797,0.7734259963035583,2.5711135864257812,0.11334854364395142
DIV2K,0829.png,1356,2040,28.430253982543945,0.6144424080848694,27.133920669555664,27.970544815063477,0.5892531275749207,0.45970916748046875,0.02518928050994873
DIV2K,0830.png,816,2040,26.93037223815918,0.7961761951446533,25.37029266357422,26.264965057373047,0.7604843378067017,0.6654071807861328,0.03569185733795166
DIV2K,0831.png,1356,2040,32.433292388916016,0.9155056476593018,31.0527400970459,30.157855987548828,0.8742760419845581,2.2754364013671875,0.04122960567474365
DIV2K,0832.png,1356,2040,34.114219665527344,0.9294506907463074,32.39353942871094,31.89691734313965,0.8995348811149597,2.2173023223876953,0.029915809631347656
DIV2K,0833.png,1548,2040,36.2226676940918,0.9362797737121582,34.82658767700195,33.63764190673828,0.9192535877227783,2.5850257873535156,0.017026185989379883
DIV2K,0834.png,1356,2040,27.95846939086914,0.8419198989868164,26.527427673339844,27.15791893005371,0.8062479496002197,0.8005504608154297,0.03567194938659668
DIV2K,0835.png,2040,1620,25.21004867553711,0.7031790614128113,23.858116149902344,24.66165542602539,0.6498017907142639,0.5483932495117188,0.05337727069854736
DIV2K,0836.png,1536,2040,27.6717472076416,0.8381737470626831,26.369049072265625,26.008132934570312,0.7865703105926514,1.663614273071289,0.05160343647003174
DIV2K,0837.png,1356,2040,28.552967071533203,0.8811722993850708,27.189250946044922,26.760746002197266,0.8231021761894226,1.7922210693359375,0.05807012319564819
DIV2K,0838.png,1356,2040,40.741825103759766,0.9439470767974854,39.098506927490234,40.12500762939453,0.9379569292068481,0.6168174743652344,0.005990147590637207
DIV2K,0839.png,1356,2040,31.528179168701172,0.8725703954696655,30.242403030395508,30.79034996032715,0.8501268029212952,0.7378292083740234,0.02244359254837036
DIV2K,0840.png,1356,2040,31.261917114257812,0.8805052042007446,29.895931243896484,30.082590103149414,0.8467065095901489,1.1793270111083984,0.0337986946105957
DIV2K,0841.png,1356,2040,30.65425682067871,0.9020957350730896,29.234773635864258,29.299089431762695,0.8689088821411133,1.3551673889160156,0.03318685293197632
DIV2K,0842.png,1356,2040,32.25491714477539,0.9023346304893494,31.02513313293457,31.272823333740234,0.8809741735458374,0.9820938110351562,0.021360456943511963
DIV2K,0843.png,1356,2040,43.098724365234375,0.9867352843284607,41.070640563964844,40.367584228515625,0.9831340312957764,2.73114013671875,0.003601253032684326
DIV2K,0844.png,2040,1356,47.70249938964844,0.9939586520195007,44.91324996948242,42.801239013671875,0.9903556704521179,4.9012603759765625,0.0036029815673828125
DIV2K,0845.png,1356,2040,25.68597984313965,0.8082922697067261,24.319103240966797,24.072368621826172,0.7450728416442871,1.6136112213134766,0.06321942806243896
DIV2K,0846.png,1368,2040,26.984512329101562,0.8310567140579224,25.636198043823242,25.107986450195312,0.7805338501930237,1.87652587890625,0.05052286386489868
DIV2K,0847.png,2040,1356,30.082979202270508,0.8814290165901184,28.60665512084961,28.354114532470703,0.83640456199646,1.7288646697998047,0.04502445459365845
DIV2K,0848.png,1536,2040,28.979196548461914,0.7971593737602234,27.67998504638672,27.57387351989746,0.7597211003303528,1.4053230285644531,0.037438273429870605
DIV2K,0849.png,1356,2040,24.511127471923828,0.8239089846611023,23.1163387298584,22.595294952392578,0.7396624684333801,1.91583251953125,0.08424651622772217
DIV2K,0850.png,1356,2040,31.055160522460938,0.8810851573944092,29.65810775756836,29.497112274169922,0.8424532413482666,1.5580482482910156,0.03863191604614258
DIV2K,0851.png,1344,2040,30.904647827148438,0.9153790473937988,29.512813568115234,29.6951847076416,0.8936842679977417,1.209463119506836,0.02169477939605713
DIV2K,0852.png,1152,2040,32.201534271240234,0.8819736838340759,31.161518096923828,31.31258773803711,0.8500869274139404,0.888946533203125,0.0318867564201355
DIV2K,0853.png,1356,2040,37.72212600708008,0.9655249118804932,35.888057708740234,35.324424743652344,0.953207790851593,2.3977012634277344,0.012317121028900146
DIV2K,0854.png,1068,2040,27.13918685913086,0.8020737767219543,25.826343536376953,26.03775978088379,0.7569902539253235,1.1014270782470703,0.04508352279663086
DIV2K,0855.png,2040,2040,31.85869026184082,0.8208573460578918,30.51675033569336,30.928951263427734,0.7946158051490784,0.9297389984130859,0.026241540908813477
DIV2K,0856.png,1356,2040,28.749998092651367,0.8038268089294434,25.746875762939453,28.008014678955078,0.7595795392990112,0.7419834136962891,0.04424726963043213
DIV2K,0857.png,1416,2040,36.58177947998047,0.8399845361709595,35.177608489990234,36.1378173828125,0.8359358906745911,0.44396209716796875,0.004048645496368408
DIV2K,0858.png,1356,2040,31.041955947875977,0.8611689209938049,29.7785587310791,29.85478973388672,0.821137547492981,1.1871662139892578,0.040031373500823975
DIV2K,0859.png,1356,2040,27.861156463623047,0.7787026762962341,26.565750122070312,26.879789352416992,0.7284095883369446,0.9813671112060547,0.05029308795928955
DIV2K,0860.png,1536,2040,23.06745719909668,0.7347515821456909,21.717472076416016,22.24081039428711,0.6611416935920715,0.8266468048095703,0.07360988855361938
DIV2K,0861.png,1356,2040,24.942913055419922,0.8097970485687256,23.72098159790039,23.680408477783203,0.7380930781364441,1.2625045776367188,0.0717039704322815
DIV2K,0862.png,1356,2040,35.417755126953125,0.8763813376426697,34.044490814208984,34.84625244140625,0.8626786470413208,0.571502685546875,0.013702690601348877
DIV2K,0863.png,2040,1500,35.611846923828125,0.9314266443252563,34.27170944213867,34.83819580078125,0.9207793474197388,0.773651123046875,0.010647296905517578
DIV2K,0864.png,1356,2040,32.4185791015625,0.8567269444465637,31.154666900634766,31.46253776550293,0.824831485748291,0.9560413360595703,0.031895458698272705
DIV2K,0865.png,1536,2040,29.49896812438965,0.8245112895965576,28.131628036499023,28.789405822753906,0.7939890623092651,0.7095623016357422,0.03052222728729248
DIV2K,0866.png,2040,1356,27.53812026977539,0.8635194897651672,26.148319244384766,27.044145584106445,0.8358774185180664,0.4939746856689453,0.02764207124710083
DIV2K,0867.png,2040,1356,30.682323455810547,0.8946912884712219,29.571556091308594,29.08856964111328,0.8507798314094543,1.5937538146972656,0.04391145706176758
DIV2K,0868.png,1356,2040,34.727684020996094,0.9684404730796814,33.42494583129883,32.73573303222656,0.955545961856842,1.9919509887695312,0.012894511222839355
DIV2K,0869.png,2040,1356,26.01042938232422,0.8528700470924377,24.65619659423828,25.18001365661621,0.8143157958984375,0.8304157257080078,0.038554251194000244
DIV2K,0870.png,1572,2040,31.858837127685547,0.9106809496879578,30.47054672241211,30.587556838989258,0.8824654221534729,1.271280288696289,0.028215527534484863
DIV2K,0871.png,1356,2040,34.84593963623047,0.9366421699523926,33.254085540771484,33.07569885253906,0.911652684211731,1.7702407836914062,0.02498948574066162
DIV2K,0872.png,1356,2040,26.3056583404541,0.7854090332984924,25.01508903503418,25.142250061035156,0.729030430316925,1.1634082794189453,0.05637860298156738
DIV2K,0873.png,1356,2040,26.121747970581055,0.7949244379997253,24.804189682006836,25.201366424560547,0.743726372718811,0.9203815460205078,0.05119806528091431
DIV2K,0874.png,1356,2040,32.485145568847656,0.8571147918701172,31.07642936706543,31.104141235351562,0.8213149905204773,1.3810043334960938,0.03579980134963989
DIV2K,0875.png,1536,2040,26.611907958984375,0.7593421936035156,25.3354434967041,25.11321258544922,0.6813006401062012,1.4986953735351562,0.07804155349731445
DIV2K,0876.png,1356,2040,24.064682006835938,0.6810591220855713,22.95363426208496,23.492244720458984,0.6147322654724121,0.5724372863769531,0.06632685661315918
DIV2K,0877.png,1152,2040,42.93869400024414,0.9817543625831604,41.33659362792969,39.35993957519531,0.9690936207771301,3.578754425048828,0.012660741806030273
DIV2K,0878.png,1740,2040,35.222599029541016,0.9371558427810669,33.6379508972168,32.571250915527344,0.9075142741203308,2.651348114013672,0.029641568660736084
DIV2K,0879.png,1872,2040,29.67670440673828,0.9050984382629395,28.3309268951416,28.279306411743164,0.8720799088478088,1.3973979949951172,0.033018529415130615
DIV2K,0880.png,2040,1356,35.110252380371094,0.9365872740745544,33.731483459472656,34.00813674926758,0.9204525351524353,1.1021156311035156,0.01613473892211914
DIV2K,0881.png,1260,2040,28.48099136352539,0.8377216458320618,27.05519676208496,27.580278396606445,0.8061089515686035,0.9007129669189453,0.03161269426345825
DIV2K,0882.png,1356,2040,36.7103271484375,0.969670295715332,35.16795349121094,34.90446472167969,0.9610815644264221,1.8058624267578125,0.008588731288909912
DIV2K,0883.png,1380,2040,30.126285552978516,0.8582544326782227,28.19063949584961,29.004552841186523,0.8162084817886353,1.1217327117919922,0.0420459508895874
DIV2K,0884.png,1356,2040,28.586204528808594,0.8155730962753296,26.608287811279297,27.403470993041992,0.7653847932815552,1.1827335357666016,0.050188302993774414
DIV2K,0885.png,1356,2040,24.879013061523438,0.6760328412055969,23.509084701538086,24.36825180053711,0.6244649887084961,0.5107612609863281,0.05156785249710083
DIV2K,0886.png,1356,2040,39.512176513671875,0.9475580453872681,37.478519439697266,37.79004669189453,0.9404261708259583,1.7221298217773438,0.0071318745613098145
DIV2K,0887.png,1356,2040,27.230087280273438,0.8162186145782471,26.34539031982422,26.231843948364258,0.7747239470481873,0.9982433319091797,0.041494667530059814
DIV2K,0888.png,1356,2040,32.82013702392578,0.918247640132904,31.401988983154297,31.073570251464844,0.8928748369216919,1.7465667724609375,0.025372803211212158
DIV2K,0889.png,1356,2040,34.09064483642578,0.9455491900444031,32.52794647216797,31.72018814086914,0.9190134406089783,2.3704566955566406,0.026535749435424805
DIV2K,0890.png,1368,2040,27.240127563476562,0.7903845906257629,25.962705612182617,26.737571716308594,0.7585417628288269,0.5025558471679688,0.031842827796936035
DIV2K,0891.png,2040,1668,28.378908157348633,0.8570543527603149,27.057466506958008,26.561031341552734,0.7960091829299927,1.8178768157958984,0.061045169830322266
DIV2K,0892.png,1284,2040,31.390039443969727,0.9246025085449219,30.123903274536133,28.850101470947266,0.875831663608551,2.539937973022461,0.04877084493637085
DIV2K,0893.png,1356,2040,35.2152099609375,0.8672091364860535,33.71579360961914,34.00812911987305,0.853671133518219,1.2070808410644531,0.013538002967834473
DIV2K,0894.png,2040,1356,34.24653625488281,0.9304627776145935,32.86341094970703,32.495540618896484,0.9075609445571899,1.7509956359863281,0.022901833057403564
DIV2K,0895.png,1284,2040,22.78118324279785,0.685555636882782,21.475902557373047,22.19033432006836,0.6204732060432434,0.5908489227294922,0.06508243083953857
DIV2K,0896.png,1356,2040,41.388404846191406,0.9655213952064514,39.7314567565918,37.71702575683594,0.9582673907279968,3.6713790893554688,0.00725400447845459
DIV2K,0897.png,1368,2040,24.435998916625977,0.789176881313324,23.25116729736328,23.491628646850586,0.7315662503242493,0.9443702697753906,0.05761063098907471
DIV2K,0898.png,1356,2040,37.409339904785156,0.9439863562583923,35.8232421875,35.55527114868164,0.9331392645835876,1.8540687561035156,0.010847091674804688
DIV2K,0899.png,1356,2040,31.95378875732422,0.9222869277000427,30.682781219482422,29.1470890045166,0.8828542232513428,2.806699752807617,0.03943270444869995
DIV2K,0900.png,1152,2040,29.819841384887695,0.8983930945396423,28.591873168945312,27.294490814208984,0.8489665389060974,2.525350570678711,0.04942655563354492
Set14,baboon.png,480,498,23.703571319580078,0.6129436492919922,21.59909439086914,23.263233184814453,0.5523806214332581,0.440338134765625,0.06056302785873413
Set14,barbara.png,576,720,26.584716796875,0.7838578224182129,25.084360122680664,26.346569061279297,0.7584301233291626,0.23814773559570312,0.025427699089050293
Set14,bridge.png,510,510,26.602020263671875,0.7310363054275513,25.278282165527344,25.817956924438477,0.6756765246391296,0.7840633392333984,0.05535978078842163
Set14,coastguard.png,288,351,27.38020896911621,0.6675788760185242,26.051494598388672,26.619441986083984,0.6190801858901978,0.7607669830322266,0.048498690128326416
Set14,comic.png,360,249,24.695144653320312,0.7940329313278198,23.165904998779297,23.242420196533203,0.7075874209403992,1.4527244567871094,0.08644551038742065
Set14,face.png,276,276,33.87492752075195,0.8302533626556396,30.637062072753906,32.975791931152344,0.8032413721084595,0.8991355895996094,0.027011990547180176
Set14,flowers.png,360,498,29.35696029663086,0.8601096868515015,27.252347946166992,27.41964340209961,0.8077453374862671,1.93731689453125,0.052364349365234375
Set14,foreman.png,288,351,34.13577651977539,0.9410394430160522,32.51387405395508,31.317747116088867,0.908077597618103,2.8180294036865234,0.03296184539794922
Set14,lenna.png,510,510,33.70769500732422,0.8875057101249695,31.39240074157715,31.89339828491211,0.8617043495178223,1.8142967224121094,0.025801360607147217
Set14,man.png,510,510,28.40155029296875,0.8050307631492615,27.07523536682129,27.143295288085938,0.756067156791687,1.2582550048828125,0.04896360635757446
Set14,monarch.png,510,768,32.9780387878418,0.952638566493988,31.57345962524414,29.654647827148438,0.9224034547805786,3.3233909606933594,0.030235111713409424
Set14,pepper.png,510,510,34.72822952270508,0.8934429883956909,31.605379104614258,32.604888916015625,0.8730337023735046,2.123340606689453,0.02040928602218628
Set14,ppt3.png,654,528,26.906177520751953,0.9472998380661011,25.221755981445312,23.850011825561523,0.8828380107879639,3.0561656951904297,0.06446182727813721
Set14,zebra.png,390,585,29.37865447998047,0.8559121489524841,28.021713256835938,26.971282958984375,0.8047550916671753,2.4073715209960938,0.05115705728530884
Set5,baby.png,510,510,35.33371353149414,0.9257895350456238,33.84821319580078,34.16334533691406,0.9084477424621582,1.1703681945800781,0.017341792583465576
Set5,bird.png,288,288,35.83439254760742,0.9582134485244751,33.689170837402344,32.890506744384766,0.9296321868896484,2.9438858032226562,0.02858126163482666
Set5,butterfly.png,255,255,28.072345733642578,0.9190089106559753,26.698129653930664,24.252717971801758,0.8233786225318909,3.8196277618408203,0.09563028812408447
Set5,head.png,279,279,33.85847854614258,0.8304200172424316,30.63711166381836,33.029075622558594,0.8047704696655273,0.8294029235839844,0.025649547576904297
Set5,woman.png,342,228,31.542865753173828,0.9331023097038269,30.187376022338867,28.842947006225586,0.8933709263801575,2.699918746948242,0.039731383323669434
holdout_val,im6.png,255,447,46.71437072753906,0.9947245717048645,43.60194778442383,39.75366973876953,0.9884152412414551,6.960700988769531,0.006309330463409424
holdout_val,im2.png,255,447,31.307842254638672,0.9356579780578613,30.111732482910156,28.9401798248291,0.8988571166992188,2.3676624298095703,0.03680086135864258
holdout_val,im7.png,255,447,35.605194091796875,0.9664855599403381,33.99354934692383,32.10729217529297,0.9401917457580566,3.4979019165039062,0.026293814182281494
holdout_val,im4.png,255,447,41.91648864746094,0.9914669990539551,40.494850158691406,35.43428039550781,0.975709080696106,6.482208251953125,0.01575791835784912
holdout_val,im3.png,255,447,28.47513198852539,0.9058496356010437,27.12798309326172,27.31684684753418,0.8716117739677429,1.158285140991211,0.03423786163330078
holdout_val,im4.png,255,447,33.74304962158203,0.9397377967834473,32.308441162109375,31.401107788085938,0.9005572199821472,2.3419418334960938,0.03918057680130005
holdout_val,im4.png,255,447,40.904354095458984,0.9843613505363464,39.15736770629883,38.09132385253906,0.9704553484916687,2.813030242919922,0.013906002044677734
holdout_val,im4.png,255,447,37.033424377441406,0.9452160596847534,35.246952056884766,34.7858772277832,0.9330124855041504,2.247547149658203,0.012203574180603027
holdout_val,im3.png,255,447,31.582950592041016,0.9456096887588501,30.25491714477539,30.551660537719727,0.9293456077575684,1.031290054321289,0.01626408100128174
holdout_val,im2.png,255,447,35.281272888183594,0.9692421555519104,33.756675720214844,31.88827896118164,0.9384099245071411,3.392993927001953,0.030832231044769287
holdout_val,im2.png,255,447,52.5921630859375,0.9967500567436218,49.390525817871094,48.23401641845703,0.9943565130233765,4.358146667480469,0.0023935437202453613
holdout_val,im6.png,255,447,41.47920227050781,0.9895566701889038,39.84941864013672,35.59645080566406,0.9837964773178101,5.88275146484375,0.00576019287109375
holdout_val,im3.png,255,447,30.917236328125,0.816460907459259,29.335586547851562,29.895423889160156,0.7757979035377502,1.0218124389648438,0.04066300392150879
holdout_val,im6.png,255,447,32.647098541259766,0.9407880306243896,31.22811508178711,30.69495964050293,0.9083315134048462,1.952138900756836,0.03245651721954346
holdout_val,im1.png,255,447,30.789291381835938,0.9116033911705017,28.919734954833984,28.475238800048828,0.8719146847724915,2.3140525817871094,0.039688706398010254
holdout_val,000570.png,1524,2040,28.322132110595703,0.7777736186981201,26.96898651123047,27.02739906311035,0.7282041311264038,1.2947330474853516,0.04956948757171631
holdout_val,im2.png,255,447,24.830629348754883,0.8064566254615784,23.433837890625,23.494884490966797,0.7373786568641663,1.335744857788086,0.06907796859741211
holdout_val,im1.png,255,447,35.47869110107422,0.9619587659835815,33.68071746826172,32.63861083984375,0.9342257976531982,2.8400802612304688,0.0277329683303833
holdout_val,im5.png,255,447,28.118494033813477,0.8846953511238098,26.83237075805664,26.29401206970215,0.8316913843154907,1.8244819641113281,0.05300396680831909
holdout_val,im4.png,255,447,33.67167663574219,0.9387198090553284,31.9724178314209,32.23698043823242,0.9159538745880127,1.4346961975097656,0.022765934467315674
holdout_val,im1.png,255,447,44.88420104980469,0.9878520369529724,42.87316131591797,38.909507751464844,0.9755947589874268,5.974693298339844,0.012257277965545654
holdout_val,im1.png,255,447,39.872337341308594,0.9866154193878174,38.461700439453125,35.09150695800781,0.9751993417739868,4.780830383300781,0.011416077613830566
holdout_val,im6.png,255,447,44.859004974365234,0.9899588227272034,43.51323699951172,42.741943359375,0.9844274520874023,2.1170616149902344,0.005531370639801025
holdout_val,im2.png,255,447,44.272762298583984,0.9805538654327393,42.18195343017578,39.98278045654297,0.9700557589530945,4.289981842041016,0.010498106479644775
holdout_val,im6.png,255,447,36.41114807128906,0.958003044128418,34.43014144897461,33.824684143066406,0.9366435408592224,2.5864639282226562,0.021359503269195557
holdout_val,raccoon_57.png,648,720,29.998031616210938,0.8375309109687805,28.54856300354004,28.95531463623047,0.7959384918212891,1.0427169799804688,0.041592419147491455
holdout_val,im4.png,255,447,31.992206573486328,0.9183971881866455,30.575271606445312,31.068822860717773,0.8934805989265442,0.9233837127685547,0.02491658926010132
holdout_val,im7.png,255,447,34.578765869140625,0.9825647473335266,33.68035888671875,32.505126953125,0.9734042882919312,2.073638916015625,0.009160459041595459
holdout_val,im5.png,255,447,34.011234283447266,0.958709716796875,31.862974166870117,32.618492126464844,0.9460054039955139,1.3927421569824219,0.012704312801361084
holdout_val,im4.png,255,447,34.408931732177734,0.9547061324119568,32.84545135498047,31.352184295654297,0.9223289489746094,3.0567474365234375,0.03237718343734741
holdout_val,im2.png,255,447,26.444578170776367,0.8681008219718933,25.133638381958008,24.90862274169922,0.8099492788314819,1.5359554290771484,0.05815154314041138
holdout_val,im1.png,255,447,25.248355865478516,0.6996558904647827,23.88543128967285,24.419679641723633,0.639946460723877,0.8286762237548828,0.05970942974090576
holdout_val,im2.png,255,447,32.586238861083984,0.8297556638717651,31.234188079833984,31.755056381225586,0.8006496429443359,0.8311824798583984,0.0291060209274292
holdout_val,im2.png,255,447,34.06035232543945,0.9607073664665222,31.993602752685547,32.510658264160156,0.9472078680992126,1.5496940612792969,0.01349949836730957
holdout_val,im4.png,255,447,45.99268341064453,0.9935737252235413,43.65507125854492,40.11547088623047,0.9836398363113403,5.8772125244140625,0.009933888912200928
holdout_val,im1.png,255,447,28.987533569335938,0.9178255796432495,27.460067749023438,27.46657943725586,0.8798941969871521,1.5209541320800781,0.03793138265609741
holdout_val,im4.png,255,447,35.88919448852539,0.9501335620880127,34.46910858154297,33.52403259277344,0.9207425713539124,2.365161895751953,0.029390990734100342
holdout_val,im6.png,255,447,38.41613006591797,0.9590865969657898,36.767791748046875,36.475914001464844,0.9423508644104004,1.940216064453125,0.016735732555389404
holdout_val,00000089.png,720,1278,28.527618408203125,0.8502951860427856,27.190448760986328,26.987960815429688,0.7958275079727173,1.5396575927734375,0.05446767807006836
holdout_val,im4.png,255,447,34.35023880004883,0.9001753926277161,32.664432525634766,33.19436264038086,0.8750395774841309,1.1558761596679688,0.025135815143585205
holdout_val,im3.png,255,447,36.92267608642578,0.9756216406822205,35.221229553222656,34.10646057128906,0.9619964957237244,2.8162155151367188,0.013625144958496094
holdout_val,im1.png,255,447,27.036640167236328,0.8049939274787903,25.284305572509766,25.77448272705078,0.7404680252075195,1.2621574401855469,0.06452590227127075
holdout_val,im3.png,255,447,27.966392517089844,0.8787345290184021,26.600460052490234,25.733678817749023,0.8146483898162842,2.2327136993408203,0.06408613920211792
holdout_val,im4.png,255,447,36.94523620605469,0.9614540934562683,35.399620056152344,34.06574249267578,0.9357926845550537,2.8794937133789062,0.0256614089012146
holdout_val,im2.png,255,447,34.96918869018555,0.8958474397659302,33.42255783081055,33.95672607421875,0.8703756928443909,1.0124626159667969,0.025471746921539307
holdout_val,im3.png,255,447,42.28548049926758,0.9916962385177612,40.8423957824707,35.73847198486328,0.9765753746032715,6.547008514404297,0.015120863914489746
holdout_val,im1.png,255,447,31.236835479736328,0.9209747314453125,29.71194839477539,28.71135711669922,0.8838356733322144,2.5254783630371094,0.037139058113098145
holdout_val,im4.png,255,447,32.51931381225586,0.9140531420707703,31.123870849609375,29.631135940551758,0.8636066913604736,2.8881778717041016,0.05044645071029663
holdout_val,im3.png,255,447,39.153411865234375,0.9771385788917542,37.2152099609375,34.11720657348633,0.9526950716972351,5.036205291748047,0.024443507194519043
holdout_val,00000083.png,720,1278,35.00798034667969,0.9251689910888672,33.615257263183594,33.664859771728516,0.9048535823822021,1.3431205749511719,0.02031540870666504
holdout_val,im1.png,255,447,38.22760009765625,0.9785929918289185,36.56653594970703,33.965232849121094,0.9571651220321655,4.262367248535156,0.02142786979675293
holdout_val,im2.png,255,447,29.528196334838867,0.8806968331336975,28.055288314819336,27.584115982055664,0.8300969004631042,1.9440803527832031,0.05059993267059326
holdout_val,im2.png,255,447,43.86590576171875,0.9891660809516907,41.62613296508789,40.064422607421875,0.9822070598602295,3.801483154296875,0.006959021091461182
holdout_val,im4.png,255,447,38.72555160522461,0.9840102791786194,37.4161491394043,32.13871765136719,0.9478949904441833,6.586833953857422,0.036115288734436035
holdout_val,im3.png,255,447,56.85335159301758,0.9981178641319275,52.64506530761719,56.204219818115234,0.9978904724121094,0.6491317749023438,0.00022739171981811523
holdout_val,im5.png,255,447,40.96363067626953,0.9876902103424072,39.227447509765625,36.59817886352539,0.9737926125526428,4.365451812744141,0.013897597789764404
holdout_val,im6.png,255,447,31.324771881103516,0.9005829095840454,29.671218872070312,29.784814834594727,0.865222692489624,1.539957046508789,0.03536021709442139
holdout_val,im3.png,255,447,47.962379455566406,0.993080198764801,45.21996307373047,45.25599670410156,0.9887961149215698,2.7063827514648438,0.004284083843231201
holdout_val,im2.png,255,447,37.80583572387695,0.9372732043266296,36.44217300415039,36.62594985961914,0.9213789701461792,1.1798858642578125,0.01589423418045044
holdout_val,im3.png,255,447,40.42750930786133,0.9850996136665344,38.916194915771484,37.168121337890625,0.9756960868835449,3.259387969970703,0.009403526782989502
holdout_val,00000002.png,720,1278,36.20439910888672,0.9550556540489197,34.80232620239258,33.86134338378906,0.9286665320396423,2.3430557250976562,0.026389122009277344
holdout_val,im2.png,255,447,30.887697219848633,0.862074077129364,29.503459930419922,30.14647674560547,0.8335128426551819,0.7412204742431641,0.02856123447418213
holdout_val,im1.png,255,447,35.40019607543945,0.9639155864715576,33.77111053466797,31.401968002319336,0.9276807308197021,3.998228073120117,0.03623485565185547
holdout_val,im6.png,255,447,42.78867721557617,0.9900997281074524,41.01415252685547,38.67291259765625,0.9799069166183472,4.115764617919922,0.010192811489105225
holdout_val,im4.png,255,447,36.06816864013672,0.9591332077980042,34.71470260620117,31.47146224975586,0.9139761328697205,4.596706390380859,0.04515707492828369
holdout_val,00000007.png,720,1278,30.421863555908203,0.8831572532653809,29.09726905822754,28.588279724121094,0.8335208892822266,1.8335838317871094,0.0496363639831543
holdout_val,im4.png,255,447,36.56398391723633,0.9828675985336304,35.04646301269531,33.05549240112305,0.9643430113792419,3.5084915161132812,0.018524587154388428
holdout_val,im1.png,255,447,25.378934860229492,0.7036293148994446,24.00783348083496,24.570819854736328,0.6454482674598694,0.8081150054931641,0.058181047439575195
holdout_val,im7.png,255,447,33.763099670410156,0.9550846815109253,32.41190719604492,30.01718521118164,0.9067431092262268,3.7459144592285156,0.048341572284698486
holdout_val,im6.png,255,447,45.673736572265625,0.9926935434341431,43.79959487915039,43.213233947753906,0.9862391948699951,2.4605026245117188,0.006454348564147949
holdout_val,im7.png,255,447,47.931053161621094,0.99488365650177,45.32714080810547,42.66145706176758,0.9886087775230408,5.269596099853516,0.006274878978729248
holdout_val,im1.png,255,447,29.310802459716797,0.9049330353736877,27.689929962158203,26.930458068847656,0.8529840111732483,2.3803443908691406,0.05194902420043945
holdout_val,im5.png,255,447,37.41293716430664,0.9649461507797241,35.96574401855469,35.3237419128418,0.9513080716133118,2.0891952514648438,0.013638079166412354
holdout_val,im6.png,255,447,36.68982696533203,0.9588435292243958,35.08773422241211,33.26248550415039,0.926444947719574,3.4273414611816406,0.03239858150482178
holdout_val,im5.png,255,447,39.233402252197266,0.9857442378997803,37.46219253540039,34.858863830566406,0.9661822319030762,4.374538421630859,0.0195620059967041
holdout_val,im6.png,255,447,33.472618103027344,0.9407866597175598,31.829702377319336,31.097614288330078,0.9089575409889221,2.3750038146972656,0.031829118728637695
holdout_val,im2.png,255,447,31.340251922607422,0.9210060834884644,29.930023193359375,30.136310577392578,0.9012547731399536,1.2039413452148438,0.019751310348510742
holdout_val,im2.png,255,447,37.184112548828125,0.9550397396087646,35.71958541870117,35.427276611328125,0.9369544386863708,1.7568359375,0.0180853009223938
holdout_val,im5.png,255,447,42.096473693847656,0.9843248128890991,40.67995071411133,37.32646179199219,0.97010737657547,4.770011901855469,0.01421743631362915
holdout_val,im1.png,255,447,29.089000701904297,0.9473360180854797,27.899599075317383,28.046024322509766,0.9297030568122864,1.0429763793945312,0.01763296127319336
holdout_val,im7.png,255,447,29.190122604370117,0.8998605012893677,27.843490600585938,27.025415420532227,0.843036413192749,2.1647071838378906,0.05682408809661865
holdout_val,00000079.png,720,1278,33.621337890625,0.938622236251831,32.269508361816406,31.071470260620117,0.8996180295944214,2.549867630004883,0.03900420665740967
holdout_val,im2.png,255,447,42.74493408203125,0.9850870370864868,40.25109100341797,39.68246078491211,0.9769654870033264,3.0624732971191406,0.0081215500831604
holdout_val,frame_0021.png,435,1023,39.76805114746094,0.9623889327049255,37.57891845703125,38.16108703613281,0.9509704113006592,1.606964111328125,0.011418521404266357
holdout_val,im2.png,255,447,39.839412689208984,0.9888453483581543,38.09941864013672,34.18160629272461,0.9719065427780151,5.657806396484375,0.01693880558013916
holdout_val,im7.png,255,447,32.91140365600586,0.9443500638008118,31.462966918945312,31.424922943115234,0.9147188067436218,1.486480712890625,0.02963125705718994
holdout_val,im7.png,255,447,32.67127227783203,0.9157071113586426,31.11932945251465,30.964258193969727,0.8772832155227661,1.7070140838623047,0.038423895835876465
holdout_val,im2.png,255,447,38.117488861083984,0.9702409505844116,35.98762893676758,34.74358367919922,0.9489631652832031,3.3739051818847656,0.021277785301208496
holdout_val,im1.png,255,447,37.58047103881836,0.9596524238586426,35.65789794921875,34.3382568359375,0.9405961632728577,3.2422142028808594,0.019056260585784912
holdout_val,frame_0012.png,435,1023,39.78388977050781,0.9627622961997986,37.58323287963867,38.17648696899414,0.9508465528488159,1.6074028015136719,0.011915743350982666
holdout_val,im6.png,255,447,28.77674102783203,0.9104651808738708,27.43192481994629,27.5791015625,0.8776955008506775,1.1976394653320312,0.03276968002319336
holdout_val,im5.png,255,447,34.83951187133789,0.9492976069450378,33.445133209228516,32.65374755859375,0.9363440871238708,2.1857643127441406,0.012953519821166992
holdout_val,im1.png,255,447,32.307029724121094,0.9018986821174622,30.91220474243164,29.322736740112305,0.849801778793335,2.984292984008789,0.0520969033241272
holdout_val,im7.png,255,447,37.360313415527344,0.9651708006858826,35.9365348815918,35.487815856933594,0.9517349004745483,1.87249755859375,0.013435900211334229
holdout_val,im7.png,255,447,39.97854232788086,0.9720929861068726,38.48558044433594,38.27423858642578,0.9607669115066528,1.7043037414550781,0.011326074600219727
holdout_val,im4.png,255,447,39.734737396240234,0.9842347502708435,37.54991149902344,36.271461486816406,0.9722144603729248,3.463275909423828,0.012020289897918701
holdout_val,im1.png,255,447,41.64828872680664,0.9717685580253601,40.05841064453125,37.62160873413086,0.951943039894104,4.026679992675781,0.019825518131256104
holdout_val,im5.png,255,447,51.01946258544922,0.9957318305969238,48.96537780761719,48.06389617919922,0.9935402870178223,2.95556640625,0.0021915435791015625
holdout_val,im6.png,255,447,41.61933898925781,0.9848331809043884,39.95780563354492,37.34962844848633,0.9677700400352478,4.269710540771484,0.017063140869140625
holdout_val,im5.png,255,447,38.827354431152344,0.9685505032539368,37.24478530883789,36.76702880859375,0.9541101455688477,2.0603256225585938,0.014440357685089111
holdout_val,im7.png,255,447,30.198104858398438,0.9157021045684814,28.6475830078125,29.137895584106445,0.8800020217895508,1.0602092742919922,0.035700082778930664
holdout_val,im6.png,255,447,39.30622100830078,0.9294112324714661,37.95000457763672,38.34865188598633,0.9171227216720581,0.9575691223144531,0.012288510799407959
holdout_val,im2.png,255,447,37.06315231323242,0.965077817440033,35.73062515258789,33.673980712890625,0.9385969638824463,3.389171600341797,0.02648085355758667
holdout_val,im2.png,255,447,55.75865173339844,0.9979326128959656,52.48772430419922,53.956546783447266,0.9972769021987915,1.8021049499511719,0.0006557106971740723
holdout_val,im3.png,255,447,36.47407913208008,0.9676221609115601,34.86227798461914,32.69718551635742,0.9386402368545532,3.7768936157226562,0.028981924057006836
holdout_val,im1.png,255,447,39.89305877685547,0.9606017470359802,38.427955627441406,38.697181701660156,0.9503445625305176,1.1958770751953125,0.010257184505462646
holdout_val,im2.png,255,447,30.07101058959961,0.8583350777626038,28.312597274780273,28.554100036621094,0.8085002899169922,1.5169105529785156,0.04983478784561157
holdout_val,im4.png,255,447,28.90188217163086,0.7427368760108948,27.525787353515625,27.851886749267578,0.7196783423423767,1.0499954223632812,0.023058533668518066
holdout_val,im3.png,255,447,35.203365325927734,0.9387804865837097,33.50692367553711,33.312965393066406,0.9190890789031982,1.8903999328613281,0.019691407680511475
holdout_val,002242.png,1356,2040,23.46636199951172,0.6807478666305542,22.181856155395508,22.94162940979004,0.6179428696632385,0.5247325897216797,0.06280499696731567
holdout_val,im4.png,255,447,35.730838775634766,0.9687834978103638,34.13929748535156,32.43815612792969,0.940117597579956,3.292682647705078,0.028665900230407715
holdout_val,im3.png,255,447,32.81037902832031,0.9157249927520752,31.255538940429688,31.102680206298828,0.877497136592865,1.7076988220214844,0.038227856159210205
holdout_val,im5.png,255,447,29.304960250854492,0.9044005870819092,27.957866668701172,27.17074966430664,0.8508306741714478,2.1342105865478516,0.053569912910461426
holdout_val,im3.png,255,447,31.592391967773438,0.9330731630325317,30.072803497314453,29.654762268066406,0.8972635865211487,1.9376296997070312,0.03580957651138306
holdout_val,im6.png,255,447,39.92844009399414,0.9602088928222656,38.024044036865234,37.8844108581543,0.9543334245681763,2.0440292358398438,0.0058754682540893555
holdout_val,im1.png,255,447,36.577491760253906,0.9587645530700684,34.98758316040039,33.08334732055664,0.9319881796836853,3.4941444396972656,0.026776373386383057
holdout_val,im6.png,255,447,37.32306671142578,0.9755095839500427,35.57448196411133,32.97711944580078,0.9517855644226074,4.345947265625,0.023724019527435303
holdout_val,im2.png,255,447,42.31968688964844,0.9811890721321106,40.51618957519531,39.28288269042969,0.9721760153770447,3.03680419921875,0.009013056755065918
holdout_val,brick_035.png,222,294,25.155967712402344,0.7302443385124207,23.82073402404785,24.063358306884766,0.6525647044181824,1.0926094055175781,0.07767963409423828
holdout_val,im1.png,255,447,35.3305778503418,0.9285902380943298,33.85984802246094,33.72970962524414,0.9053620100021362,1.6008682250976562,0.023228228092193604
holdout_val,im5.png,255,447,39.867759704589844,0.9694704413414001,37.982566833496094,37.772422790527344,0.9577656388282776,2.0953369140625,0.011704802513122559
holdout_val,im3.png,255,447,28.64231300354004,0.9144072532653809,27.127363204956055,27.21875,0.874731183052063,1.423563003540039,0.03967607021331787
holdout_val,im3.png,255,447,33.62923049926758,0.9703934788703918,32.284889221191406,29.225852966308594,0.9350767731666565,4.403377532958984,0.03531670570373535
holdout_val,im1.png,255,447,41.31251907348633,0.9906805157661438,39.40494155883789,37.84312438964844,0.9810848832130432,3.4693946838378906,0.009595632553100586
holdout_val,im2.png,255,447,31.155750274658203,0.8954846858978271,29.618133544921875,28.67961883544922,0.841107189655304,2.4761314392089844,0.05437749624252319
holdout_val,im4.png,255,447,34.28240203857422,0.94515460729599,32.8322639465332,31.887317657470703,0.9092824459075928,2.3950843811035156,0.03587216138839722
holdout_val,im7.png,255,447,49.471519470214844,0.9960864782333374,47.22187042236328,43.754486083984375,0.9925565123558044,5.717033386230469,0.003529965877532959
holdout_val,im1.png,255,447,39.28213119506836,0.9862485527992249,37.848731994628906,35.59852600097656,0.9731016755104065,3.683605194091797,0.01314687728881836
holdout_val,im2.png,255,447,33.01218795776367,0.915749728679657,31.160076141357422,31.446975708007812,0.8823068141937256,1.5652122497558594,0.033442914485931396
holdout_val,im3.png,255,447,30.65423583984375,0.9319615364074707,29.505077362060547,28.397842407226562,0.8918274641036987,2.2563934326171875,0.04013407230377197
holdout_val,im6.png,255,447,34.42879104614258,0.9483151435852051,33.00444412231445,31.983051300048828,0.91215980052948,2.44573974609375,0.0361553430557251
holdout_val,im3.png,255,447,28.868961334228516,0.9080150723457336,27.297780990600586,27.220041275024414,0.860094428062439,1.6489200592041016,0.04792064428329468
holdout_val,00000003.png,720,1278,28.039798736572266,0.8443171977996826,26.701656341552734,26.680362701416016,0.7893435955047607,1.35943603515625,0.054973602294921875
holdout_val,im2.png,255,447,41.74702072143555,0.983586311340332,39.3746337890625,38.66181945800781,0.974035382270813,3.0852012634277344,0.009550929069519043
holdout_val,im1.png,255,447,33.338104248046875,0.9348626732826233,31.366867065429688,31.018436431884766,0.9065001606941223,2.3196678161621094,0.028362512588500977
holdout_val,im3.png,255,447,40.22709274291992,0.9412679076194763,38.93339157104492,39.31211471557617,0.9300066828727722,0.91497802734375,0.011261224746704102
holdout_val,im2.png,255,447,26.3463191986084,0.7462513446807861,24.811370849609375,25.280414581298828,0.6883187890052795,1.0659046173095703,0.05793255567550659
holdout_val,im2.png,255,447,32.664390563964844,0.9348800182342529,31.006244659423828,30.53352165222168,0.8977840542793274,2.130868911743164,0.03709596395492554
holdout_val,im2.png,255,447,36.75416564941406,0.9676305055618286,34.77188491821289,33.301979064941406,0.943069577217102,3.4521865844726562,0.024560928344726562
holdout_val,im4.png,255,447,38.143619537353516,0.9672852754592896,36.46831512451172,34.218963623046875,0.9434455633163452,3.9246559143066406,0.023839712142944336
holdout_val,im2.png,255,447,30.787437438964844,0.9347163438796997,29.61981964111328,28.52271842956543,0.8949244022369385,2.264719009399414,0.03979194164276123
holdout_val,im2.png,255,447,39.337432861328125,0.9807501435279846,37.83135986328125,36.2453498840332,0.9636712670326233,3.092082977294922,0.017078876495361328
holdout_val,im1.png,255,447,38.41330337524414,0.9708330035209656,36.287044525146484,34.820587158203125,0.9492391347885132,3.5927162170410156,0.021593868732452393
holdout_val,im2.png,255,447,31.409605026245117,0.9394768476486206,29.613685607910156,28.70517349243164,0.895990252494812,2.7044315338134766,0.043486595153808594
holdout_val,0252.png,1356,2040,37.04933547973633,0.9535484313964844,35.57481002807617,34.268104553222656,0.9332663416862488,2.781230926513672,0.020282089710235596
holdout_val,im1.png,255,447,37.93541717529297,0.9640455842018127,36.50921630859375,35.32248306274414,0.9431935548782349,2.612934112548828,0.02085202932357788
holdout_val,im3.png,255,447,42.03013610839844,0.9723186492919922,40.496978759765625,40.4478759765625,0.9648457169532776,1.5822601318359375,0.0074729323387146
holdout_val,im3.png,255,447,31.824186325073242,0.929356575012207,30.268972396850586,29.418865203857422,0.8900488615036011,2.4053211212158203,0.03930771350860596
holdout_val,im4.png,255,447,30.837814331054688,0.9559277892112732,29.509292602539062,29.352113723754883,0.9239883422851562,1.4857006072998047,0.03193944692611694
holdout_val,im4.png,255,447,38.6462287902832,0.9831865429878235,37.19486999511719,35.56321334838867,0.9707933068275452,3.0830154418945312,0.01239323616027832
