dataset,role,subset,group,split,width,height,megapixels,too_small
vimeo_triplet,train,vimeo_triplet,00037,train,448,256,0.114688,False
df2k_ost,train,df2k_ost,mountain_910,train,720,280,0.2016,False
vimeo_triplet,train,vimeo_triplet,00064,train,448,256,0.114688,False
vimeo_triplet,train,vimeo_triplet,00041,train,448,256,0.114688,False
vimeo_septuplet,train,vimeo_septuplet,00068,train,448,256,0.114688,False
reds,train,reds,077,train,1280,720,0.9216,False
reds,train,reds,143,train,1280,720,0.9216,False
vimeo_septuplet,train,vimeo_septuplet,00068,train,448,256,0.114688,False
sintel,train,sintel,wall,train,1024,436,0.446464,False
reds,train,reds,128,train,1280,720,0.9216,False
vimeo_triplet,train,vimeo_triplet,00059,train,448,256,0.114688,False
reds,train,reds,051,train,1280,720,0.9216,False
reds,train,reds,096,train,1280,720,0.9216,False
vimeo_septuplet,train,vimeo_septuplet,00061,train,448,256,0.114688,False
sintel,train,sintel,ambush_7,train,1024,436,0.446464,False
vimeo_triplet,train,vimeo_triplet,00048,train,448,256,0.114688,False
reds,train,reds,203,train,1280,720,0.9216,False
vimeo_septuplet,train,vimeo_septuplet,00062,val,448,256,0.114688,False
reds,train,reds,104,train,1280,720,0.9216,False
realsr_v3,train,realsr_v3,Nikon_044_HR,train,2400,1500,3.6,False
reds,train,reds,158,train,1280,720,0.9216,False
sintel,train,sintel,bamboo_2,train,1024,436,0.446464,False
df2k_ost,train,df2k_ost,sky_841,train,496,328,0.162688,False
vimeo_septuplet,train,vimeo_septuplet,00066,train,448,256,0.114688,False
vimeo_triplet,train,vimeo_triplet,00005,train,448,256,0.114688,False
reds,train,reds,025,train,1280,720,0.9216,False
vimeo_septuplet,train,vimeo_septuplet,00064,train,448,256,0.114688,False
vimeo_triplet,train,vimeo_triplet,00061,train,448,256,0.114688,False
vimeo_septuplet,train,vimeo_septuplet,00067,train,448,256,0.114688,False
reds,train,reds,236,train,1280,720,0.9216,False
reds,train,reds,190,train,1280,720,0.9216,False
vimeo_triplet,train,vimeo_triplet,00071,train,448,256,0.114688,False
vimeo_triplet,train,vimeo_triplet,00003,val,448,256,0.114688,False
df2k_ost,train,df2k_ost,building_274,train,720,472,0.33984,False
vimeo_septuplet,train,vimeo_septuplet,00062,val,448,256,0.114688,False
df2k_ost,train,df2k_ost,sky_372,train,496,328,0.162688,False
df2k_ost,train,df2k_ost,n04233124_2708_1,train,360,488,0.17568,False
vimeo_triplet,train,vimeo_triplet,00043,train,448,256,0.114688,False
vimeo_triplet,train,vimeo_triplet,00001,train,448,256,0.114688,False
df2k_ost,train,df2k_ost,tallgrass_280,train,720,480,0.3456,False
vimeo_triplet,train,vimeo_triplet,00036,train,448,256,0.114688,False
vimeo_triplet,train,vimeo_triplet,00024,val,448,256,0.114688,False
vimeo_septuplet,train,vimeo_septuplet,00066,train,448,256,0.114688,False
vimeo_triplet,train,vimeo_triplet,00020,train,448,256,0.114688,False
vimeo_septuplet,train,vimeo_septuplet,00070,train,448,256,0.114688,False
vimeo_septuplet,train,vimeo_septuplet,00064,train,448,256,0.114688,False
sintel,train,sintel,market_4,train,1024,436,0.446464,False
df2k_ost,train,df2k_ost,mountain_652,train,368,464,0.170752,False
vimeo_septuplet,train,vimeo_septuplet,00066,train,448,256,0.114688,False
vimeo_septuplet,train,vimeo_septuplet,00064,train,448,256,0.114688,False
vimeo_triplet,train,vimeo_triplet,00059,train,448,256,0.114688,False
flickr2k,train,flickr2k,002570,train,1248,2028,2.530944,False
vimeo_triplet,train,vimeo_triplet,00059,train,448,256,0.114688,False
vimeo_triplet,train,vimeo_triplet,00023,train,448,256,0.114688,False
df2k_ost,train,df2k_ost,bear_93,train,400,536,0.2144,False
reds,train,reds,016,train,1280,720,0.9216,False
reds,train,reds,017,train,1280,720,0.9216,False
vimeo_septuplet,train,vimeo_septuplet,00070,train,448,256,0.114688,False
vimeo_triplet,train,vimeo_triplet,00017,train,448,256,0.114688,False
reds,train,reds,082,train,1280,720,0.9216,False
vimeo_septuplet,train,vimeo_septuplet,00070,train,448,256,0.114688,False
vimeo_septuplet,train,vimeo_septuplet,00070,train,448,256,0.114688,False
vimeo_septuplet,train,vimeo_septuplet,00064,train,448,256,0.114688,False
df2k_ost,train,df2k_ost,tallgrass_322,val,720,536,0.38592,False
vimeo_septuplet,train,vimeo_septuplet,00064,train,448,256,0.114688,False
reds,train,reds,078,train,1280,720,0.9216,False
sintel,train,sintel,alley_2,train,1024,436,0.446464,False
vimeo_septuplet,train,vimeo_septuplet,00062,val,448,256,0.114688,False
vimeo_septuplet,train,vimeo_septuplet,00070,train,448,256,0.114688,False
df2k_ost,train,df2k_ost,n02913152_20335_1,train,496,320,0.15872,False
vimeo_septuplet,train,vimeo_septuplet,00064,train,448,256,0.114688,False
vimeo_triplet,train,vimeo_triplet,00003,val,448,256,0.114688,False
vimeo_triplet,train,vimeo_triplet,00041,train,448,256,0.114688,False
vimeo_septuplet,train,vimeo_septuplet,00063,train,448,256,0.114688,False
reds,train,reds,129,train,1280,720,0.9216,False
vimeo_septuplet,train,vimeo_septuplet,00068,train,448,256,0.114688,False
flickr2k,train,flickr2k,002390,train,2040,1524,3.10896,False
vimeo_septuplet,train,vimeo_septuplet,00066,train,448,256,0.114688,False
vimeo_septuplet,train,vimeo_septuplet,00068,train,448,256,0.114688,False
vimeo_septuplet,train,vimeo_septuplet,00064,train,448,256,0.114688,False
vimeo_triplet,train,vimeo_triplet,00028,train,448,256,0.114688,False
vimeo_septuplet,train,vimeo_septuplet,00069,train,448,256,0.114688,False
vimeo_septuplet,train,vimeo_septuplet,00068,train,448,256,0.114688,False
reds,train,reds,077,train,1280,720,0.9216,False
vimeo_triplet,train,vimeo_triplet,00028,train,448,256,0.114688,False
df2k_ost,train,df2k_ost,bear_58,train,720,704,0.50688,False
vimeo_septuplet,train,vimeo_septuplet,00068,train,448,256,0.114688,False
vimeo_triplet,train,vimeo_triplet,00020,train,448,256,0.114688,False
vimeo_triplet,train,vimeo_triplet,00059,train,448,256,0.114688,False
vimeo_triplet,train,vimeo_triplet,00074,train,448,256,0.114688,False
vimeo_triplet,train,vimeo_triplet,00015,train,448,256,0.114688,False
div2k,train,div2k,0202,train,2040,1356,2.76624,False
reds,train,reds,047,train,1280,720,0.9216,False
vimeo_triplet,train,vimeo_triplet,00020,train,448,256,0.114688,False
vimeo_triplet,train,vimeo_triplet,00048,train,448,256,0.114688,False
df2k_ost,train,df2k_ost,n03043693_10597,train,496,368,0.182528,False
vimeo_septuplet,train,vimeo_septuplet,00061,train,448,256,0.114688,False
sintel,train,sintel,market_5,train,1024,436,0.446464,False
vimeo_septuplet,train,vimeo_septuplet,00062,val,448,256,0.114688,False
vimeo_septuplet,train,vimeo_septuplet,00061,train,448,256,0.114688,False
vimeo_triplet,train,vimeo_triplet,00078,train,448,256,0.114688,False
vimeo_septuplet,train,vimeo_septuplet,00064,train,448,256,0.114688,False
vimeo_septuplet,train,vimeo_septuplet,00070,train,448,256,0.114688,False
vimeo_triplet,train,vimeo_triplet,00003,val,448,256,0.114688,False
vimeo_septuplet,train,vimeo_septuplet,00065,train,448,256,0.114688,False
vimeo_triplet,train,vimeo_triplet,00020,train,448,256,0.114688,False
df2k_ost,train,df2k_ost,tallgrass_071,train,496,400,0.1984,False
vimeo_triplet,train,vimeo_triplet,00057,train,448,256,0.114688,False
vimeo_triplet,train,vimeo_triplet,00008,train,448,256,0.114688,False
reds,train,reds,058,train,1280,720,0.9216,False
div2k,train,div2k,0887,train,2040,1356,2.76624,False
reds,train,reds,017,train,1280,720,0.9216,False
vimeo_septuplet,train,vimeo_septuplet,00064,train,448,256,0.114688,False
vimeo_septuplet,train,vimeo_septuplet,00062,val,448,256,0.114688,False
flickr2k,train,flickr2k,001130,train,2040,1356,2.76624,False
reds,train,reds,004,train,1280,720,0.9216,False
vimeo_septuplet,train,vimeo_septuplet,00067,train,448,256,0.114688,False
vimeo_septuplet,train,vimeo_septuplet,00069,train,448,256,0.114688,False
reds,train,reds,032,train,1280,720,0.9216,False
reds,train,reds,023,train,1280,720,0.9216,False
vimeo_triplet,train,vimeo_triplet,00078,train,448,256,0.114688,False
vimeo_septuplet,train,vimeo_septuplet,00061,train,448,256,0.114688,False
vimeo_triplet,train,vimeo_triplet,00029,train,448,256,0.114688,False
vimeo_triplet,train,vimeo_triplet,00017,train,448,256,0.114688,False
vimeo_triplet,train,vimeo_triplet,00069,train,448,256,0.114688,False
vimeo_triplet,train,vimeo_triplet,00062,train,448,256,0.114688,False
df2k_ost,train,df2k_ost,tiger_93,train,592,592,0.350464,False
realsr_v3,train,realsr_v3,Canon_031_HR,train,1200,800,0.96,False
vimeo_septuplet,train,vimeo_septuplet,00070,train,448,256,0.114688,False
reds,train,reds,124,train,1280,720,0.9216,False
vimeo_septuplet,train,vimeo_septuplet,00070,train,448,256,0.114688,False
reds,train,reds,215,train,1280,720,0.9216,False
vimeo_septuplet,train,vimeo_septuplet,00061,train,448,256,0.114688,False
vimeo_septuplet,train,vimeo_septuplet,00061,train,448,256,0.114688,False
reds,train,reds,214,train,1280,720,0.9216,False
vimeo_septuplet,train,vimeo_septuplet,00065,train,448,256,0.114688,False
vimeo_triplet,train,vimeo_triplet,00046,train,448,256,0.114688,False
vimeo_triplet,train,vimeo_triplet,00020,train,448,256,0.114688,False
vimeo_septuplet,train,vimeo_septuplet,00061,train,448,256,0.114688,False
reds,train,reds,136,train,1280,720,0.9216,False
vimeo_septuplet,train,vimeo_septuplet,00067,train,448,256,0.114688,False
vimeo_septuplet,train,vimeo_septuplet,00062,val,448,256,0.114688,False
vimeo_triplet,train,vimeo_triplet,00037,train,448,256,0.114688,False
vimeo_septuplet,train,vimeo_septuplet,00068,train,448,256,0.114688,False
flickr2k,train,flickr2k,001842,train,2040,1344,2.74176,False
flickr2k,train,flickr2k,001975,train,1800,1200,2.16,False
vimeo_triplet,train,vimeo_triplet,00015,train,448,256,0.114688,False
vimeo_septuplet,train,vimeo_septuplet,00070,train,448,256,0.114688,False
flickr2k,train,flickr2k,000618,train,2040,1356,2.76624,False
vimeo_septuplet,train,vimeo_septuplet,00064,train,448,256,0.114688,False
vimeo_septuplet,train,vimeo_septuplet,00065,train,448,256,0.114688,False
vimeo_septuplet,train,vimeo_septuplet,00070,train,448,256,0.114688,False
realsr_v3,train,realsr_v3,Nikon_060_HR,train,2000,1700,3.4,False
vimeo_septuplet,train,vimeo_septuplet,00066,train,448,256,0.114688,False
vimeo_triplet,train,vimeo_triplet,00069,train,448,256,0.114688,False
vimeo_septuplet,train,vimeo_septuplet,00064,train,448,256,0.114688,False
vimeo_septuplet,train,vimeo_septuplet,00066,train,448,256,0.114688,False
vimeo_septuplet,train,vimeo_septuplet,00068,train,448,256,0.114688,False
vimeo_septuplet,train,vimeo_septuplet,00068,train,448,256,0.114688,False
vimeo_septuplet,train,vimeo_septuplet,00062,val,448,256,0.114688,False
reds,train,reds,002,train,1280,720,0.9216,False
vimeo_septuplet,train,vimeo_septuplet,00066,train,448,256,0.114688,False
df2k_ost,train,df2k_ost,plant_100,train,496,368,0.182528,False
vimeo_triplet,train,vimeo_triplet,00041,train,448,256,0.114688,False
reds,train,reds,064,train,1280,720,0.9216,False
reds,train,reds,147,train,1280,720,0.9216,False
df2k_ost,train,df2k_ost,bird_22,train,616,600,0.3696,False
vimeo_triplet,train,vimeo_triplet,00057,train,448,256,0.114688,False
vimeo_septuplet,train,vimeo_septuplet,00064,train,448,256,0.114688,False
reds,train,reds,131,train,1280,720,0.9216,False
vimeo_septuplet,train,vimeo_septuplet,00066,train,448,256,0.114688,False
vimeo_septuplet,train,vimeo_septuplet,00064,train,448,256,0.114688,False
vimeo_septuplet,train,vimeo_septuplet,00066,train,448,256,0.114688,False
reds,train,reds,196,train,1280,720,0.9216,False
flickr2k,train,flickr2k,002383,train,2040,1356,2.76624,False
reds,train,reds,187,train,1280,720,0.9216,False
vimeo_triplet,train,vimeo_triplet,00024,val,448,256,0.114688,False
vimeo_triplet,train,vimeo_triplet,00064,train,448,256,0.114688,False
vimeo_triplet,train,vimeo_triplet,00003,val,448,256,0.114688,False
vimeo_septuplet,train,vimeo_septuplet,00062,val,448,256,0.114688,False
vimeo_septuplet,train,vimeo_septuplet,00062,val,448,256,0.114688,False
reds,train,reds,211,train,1280,720,0.9216,False
vimeo_septuplet,train,vimeo_septuplet,00064,train,448,256,0.114688,False
vimeo_triplet,train,vimeo_triplet,00003,val,448,256,0.114688,False
vimeo_septuplet,train,vimeo_septuplet,00064,train,448,256,0.114688,False
vimeo_septuplet,train,vimeo_septuplet,00066,train,448,256,0.114688,False
vimeo_triplet,train,vimeo_triplet,00023,train,448,256,0.114688,False
reds,train,reds,200,train,1280,720,0.9216,False
vimeo_septuplet,train,vimeo_septuplet,00065,train,448,256,0.114688,False
vimeo_septuplet,train,vimeo_septuplet,00066,train,448,256,0.114688,False
vimeo_septuplet,train,vimeo_septuplet,00064,train,448,256,0.114688,False
flickr2k,train,flickr2k,002595,train,1452,2028,2.944656,False
vimeo_triplet,train,vimeo_triplet,00024,val,448,256,0.114688,False
vimeo_triplet,train,vimeo_triplet,00028,train,448,256,0.114688,False
vimeo_septuplet,train,vimeo_septuplet,00064,train,448,256,0.114688,False
df2k_ost,train,df2k_ost,sky_129,train,496,368,0.182528,False
df2k_ost,train,df2k_ost,n04233124_13358_1,train,168,496,0.083328,True
reds,train,reds,069,train,1280,720,0.9216,False
vimeo_septuplet,train,vimeo_septuplet,00065,train,448,256,0.114688,False
df2k_ost,train,df2k_ost,mountain_33,train,480,248,0.11904,False
df2k_ost,train,df2k_ost,grass_169,train,720,480,0.3456,False
reds,train,reds,030,train,1280,720,0.9216,False
vimeo_septuplet,train,vimeo_septuplet,00069,train,448,256,0.114688,False
vimeo_triplet,train,vimeo_triplet,00017,train,448,256,0.114688,False
vimeo_triplet,train,vimeo_triplet,00029,train,448,256,0.114688,False
reds,train,reds,220,train,1280,720,0.9216,False
reds,train,reds,108,train,1280,720,0.9216,False
reds,train,reds,204,train,1280,720,0.9216,False
reds,train,reds,070,train,1280,720,0.9216,False
div2k,train,div2k,0675,train,2040,1356,2.76624,False
reds,train,reds,210,train,1280,720,0.9216,False
vimeo_triplet,train,vimeo_triplet,00024,val,448,256,0.114688,False
df2k_ost,train,df2k_ost,building_335,train,480,720,0.3456,False
df2k_ost,train,df2k_ost,n04233124_11422_2,val,488,432,0.210816,False
reds,train,reds,223,train,1280,720,0.9216,False
reds,train,reds,192,train,1280,720,0.9216,False
vimeo_triplet,train,vimeo_triplet,00061,train,448,256,0.114688,False
sintel,train,sintel,market_6,train,1024,436,0.446464,False
vimeo_triplet,train,vimeo_triplet,00020,train,448,256,0.114688,False
flickr2k,train,flickr2k,001138,train,2040,1356,2.76624,False
vimeo_triplet,train,vimeo_triplet,00010,train,448,256,0.114688,False
vimeo_triplet,train,vimeo_triplet,00023,train,448,256,0.114688,False
df2k_ost,train,df2k_ost,grass_132,train,720,536,0.38592,False
reds,train,reds,020,train,1280,720,0.9216,False
reds,train,reds,036,train,1280,720,0.9216,False
vimeo_triplet,train,vimeo_triplet,00046,train,448,256,0.114688,False
reds,train,reds,162,train,1280,720,0.9216,False
reds,train,reds,194,train,1280,720,0.9216,False
reds,train,reds,220,train,1280,720,0.9216,False
df2k_ost,train,df2k_ost,grass_270,train,720,400,0.288,False
vimeo_triplet,train,vimeo_triplet,00062,train,448,256,0.114688,False
vimeo_triplet,train,vimeo_triplet,00024,val,448,256,0.114688,False
reds,train,reds,144,train,1280,720,0.9216,False
df2k_ost,train,df2k_ost,n03028079_3616_1,train,216,152,0.032832,True
vimeo_triplet,train,vimeo_triplet,00050,train,448,256,0.114688,False
vimeo_triplet,train,vimeo_triplet,00028,train,448,256,0.114688,False
vimeo_triplet,train,vimeo_triplet,00059,train,448,256,0.114688,False
reds,train,reds,056,train,1280,720,0.9216,False
df2k_ost,train,df2k_ost,grass_95,train,720,296,0.21312,False
vimeo_triplet,train,vimeo_triplet,00043,train,448,256,0.114688,False
vimeo_triplet,train,vimeo_triplet,00053,train,448,256,0.114688,False
reds,train,reds,022,train,1280,720,0.9216,False
vimeo_triplet,train,vimeo_triplet,00063,train,448,256,0.114688,False
reds,train,reds,009,train,1280,720,0.9216,False
df2k_ost,train,df2k_ost,n04233124_15781_1,train,288,368,0.105984,False
vimeo_triplet,train,vimeo_triplet,00020,train,448,256,0.114688,False
vimeo_triplet,train,vimeo_triplet,00036,train,448,256,0.114688,False
vimeo_triplet,train,vimeo_triplet,00057,train,448,256,0.114688,False
flickr2k,train,flickr2k,001639,train,2040,1356,2.76624,False
vimeo_triplet,train,vimeo_triplet,00024,val,448,256,0.114688,False
vimeo_triplet,train,vimeo_triplet,00028,train,448,256,0.114688,False
flickr2k,train,flickr2k,001440,train,1356,2040,2.76624,False
vimeo_triplet,train,vimeo_triplet,00048,train,448,256,0.114688,False
reds,train,reds,201,train,1280,720,0.9216,False
reds,train,reds,176,train,1280,720,0.9216,False
reds,train,reds,032,train,1280,720,0.9216,False
vimeo_triplet,train,vimeo_triplet,00043,train,448,256,0.114688,False
reds,train,reds,237,train,1280,720,0.9216,False
reds,train,reds,123,train,1280,720,0.9216,False
flickr2k,train,flickr2k,001549,train,2040,1356,2.76624,False
reds,train,reds,194,train,1280,720,0.9216,False
df2k_ost,train,df2k_ost,water_361,train,720,536,0.38592,False
sintel,train,sintel,shaman_3,train,1024,436,0.446464,False
df2k_ost,train,df2k_ost,mountain_566,train,720,696,0.50112,False
sintel,train,sintel,wall,train,1024,436,0.446464,False
reds,train,reds,105,train,1280,720,0.9216,False
reds,train,reds,023,train,1280,720,0.9216,False
reds,train,reds,022,train,1280,720,0.9216,False
sintel,train,sintel,bamboo_2,train,1024,436,0.446464,False
reds,train,reds,008,train,1280,720,0.9216,False
realsr_v3,train,realsr_v3,Nikon_193_HR,train,1400,1800,2.52,False
div2k,train,div2k,0714,train,2040,1524,3.10896,False
div2k,train,div2k,0116,train,2040,1356,2.76624,False
reds,train,reds,203,train,1280,720,0.9216,False
df2k_ost,train,df2k_ost,lakesea_9,train,248,336,0.083328,False
div2k,train,div2k,0544,train,2040,1356,2.76624,False
df2k_ost,train,df2k_ost,n04233124_2451_1,train,248,480,0.11904,False
df2k_ost,train,df2k_ost,cat_5,train,720,624,0.44928,False
reds,train,reds,163,train,1280,720,0.9216,False
df2k_ost,train,df2k_ost,tallgrass_140,train,720,472,0.33984,False
df2k_ost,train,df2k_ost,mountain_794,train,496,328,0.162688,False
reds,train,reds,036,train,1280,720,0.9216,False
reds,train,reds,201,train,1280,720,0.9216,False
reds,train,reds,031,train,1280,720,0.9216,False
reds,train,reds,053,train,1280,720,0.9216,False
flickr2k,train,flickr2k,000961,val,2040,1356,2.76624,False
realsr_v3,train,realsr_v3,Nikon_162_HR,train,1000,1000,1.0,False
reds,train,reds,048,train,1280,720,0.9216,False
reds,train,reds,109,train,1280,720,0.9216,False
df2k_ost,train,df2k_ost,cloud_281,train,688,400,0.2752,False
reds,train,reds,113,train,1280,720,0.9216,False
df2k_ost,train,df2k_ost,water_133,train,232,176,0.040832,True
df2k_ost,train,df2k_ost,mountain_644,train,720,344,0.24768,False
reds,train,reds,013,train,1280,720,0.9216,False
flickr2k,train,flickr2k,000357,train,2040,1344,2.74176,False
reds,train,reds,045,train,1280,720,0.9216,False
flickr2k,train,flickr2k,000693,train,2040,1356,2.76624,False
df2k_ost,train,df2k_ost,mountain_611,train,1496,424,0.634304,False
df2k_ost,train,df2k_ost,bird_127,train,720,480,0.3456,False
reds,train,reds,063,train,1280,720,0.9216,False
sintel,train,sintel,bamboo_3,train,1024,436,0.446464,False
sintel,train,sintel,market_4,train,1024,436,0.446464,False
sintel,train,sintel,shaman_2,train,1024,436,0.446464,False
df2k_ost,train,df2k_ost,n02913152_3405_1,train,432,192,0.082944,True
df2k_ost,train,df2k_ost,plant_789,train,472,720,0.33984,False
sintel,train,sintel,bandage_2,train,1024,436,0.446464,False
df2k_ost,train,df2k_ost,sky_276,train,496,232,0.115072,True
df2k_ost,train,df2k_ost,n03028079_26694_1,train,424,288,0.122112,False
div2k,train,div2k,0506,train,2040,1356,2.76624,False
df2k_ost,train,df2k_ost,brick_140,val,624,624,0.389376,False
df2k_ost,train,df2k_ost,building_598,train,480,720,0.3456,False
sintel,train,sintel,sleeping_1,train,1024,436,0.446464,False
sintel,train,sintel,bamboo_1,train,1024,436,0.446464,False
flickr2k,train,flickr2k,000531,train,2040,1524,3.10896,False
sintel,train,sintel,cave_2,train,1024,436,0.446464,False
flickr2k,train,flickr2k,001786,train,2040,1356,2.76624,False
flickr2k,train,flickr2k,001163,train,1920,1080,2.0736,False
df2k_ost,train,df2k_ost,plant_773,train,280,400,0.112,False
sintel,train,sintel,bamboo_1,train,1024,436,0.446464,False
df2k_ost,train,df2k_ost,raccoon_77,train,720,576,0.41472,False
df2k_ost,train,df2k_ost,building_380,train,536,720,0.38592,False
df2k_ost,train,df2k_ost,mountain_1077,train,424,336,0.142464,False
df2k_ost,train,df2k_ost,n03028079_2387_1,train,496,328,0.162688,False
flickr2k,train,flickr2k,002214,val,2040,1356,2.76624,False
sintel,train,sintel,mountain_1,train,1024,436,0.446464,False
df2k_ost,train,df2k_ost,fur_128,train,720,480,0.3456,False
flickr2k,train,flickr2k,001994,train,2040,1356,2.76624,False
df2k_ost,train,df2k_ost,sky_560,train,496,400,0.1984,False
flickr2k,train,flickr2k,000126,train,2040,1356,2.76624,False
df2k_ost,train,df2k_ost,mountain_753,val,400,240,0.096,False
flickr2k,train,flickr2k,001784,train,2040,1200,2.448,False
df2k_ost,train,df2k_ost,water_115,train,720,536,0.38592,False
sintel,train,sintel,ambush_1,train,1024,436,0.446464,False
df2k_ost,train,df2k_ost,plant_963,train,720,536,0.38592,False
df2k_ost,train,df2k_ost,water_336,train,624,464,0.289536,False
flickr2k,train,flickr2k,001724,train,2040,1356,2.76624,False
df2k_ost,train,df2k_ost,lawn_187,train,600,296,0.1776,False
df2k_ost,train,df2k_ost,water_103,train,232,408,0.094656,True
df2k_ost,train,df2k_ost,dog_40,train,600,720,0.432,False
sintel,train,sintel,ambush_3,train,1024,436,0.446464,False
div2k,train,div2k,0191,train,2040,1152,2.35008,False
df2k_ost,train,df2k_ost,lakesea_308,train,1496,280,0.41888,False
div2k,train,div2k,0594,train,2040,1356,2.76624,False
sintel,train,sintel,bandage_2,train,1024,436,0.446464,False
df2k_ost,train,df2k_ost,sky_880,train,496,368,0.182528,False
df2k_ost,train,df2k_ost,sky_598,train,496,392,0.194432,False
div2k,train,div2k,0400,train,2040,1284,2.61936,False
div2k,train,div2k,0305,train,2040,1356,2.76624,False
df2k_ost,train,df2k_ost,mountain_604,train,720,408,0.29376,False
div2k,train,div2k,0045,train,2040,1140,2.3256,False
df2k_ost,train,df2k_ost,mountain_739,train,720,552,0.39744,False
sintel,train,sintel,cave_3,train,1024,436,0.446464,False
df2k_ost,train,df2k_ost,building_312,train,720,552,0.39744,False
sintel,train,sintel,cave_2,train,1024,436,0.446464,False
df2k_ost,train,df2k_ost,n03028079_7888_1,train,256,296,0.075776,False
df2k_ost,train,df2k_ost,lakesea_326,train,720,320,0.2304,False
sintel,train,sintel,alley_2,train,1024,436,0.446464,False
sintel,train,sintel,temple_3,train,1024,436,0.446464,False
sintel,train,sintel,ambush_5,train,1024,436,0.446464,False
df2k_ost,train,df2k_ost,n04233124_10703_2,train,216,272,0.058752,True
sintel,train,sintel,shaman_2,train,1024,436,0.446464,False
df2k_ost,train,df2k_ost,building_238,train,720,536,0.38592,False
df2k_ost,train,df2k_ost,fur_148,train,720,536,0.38592,False
sintel,train,sintel,market_6,train,1024,436,0.446464,False
df2k_ost,train,df2k_ost,n07935504_4116_1,train,496,336,0.166656,False
flickr2k,train,flickr2k,000745,train,2040,1344,2.74176,False
df2k_ost,train,df2k_ost,brick_628,train,720,480,0.3456,False
df2k_ost,train,df2k_ost,n02914991_30549_1,train,328,496,0.162688,False
df2k_ost,train,df2k_ost,plant_764,train,464,312,0.144768,False
flickr2k,train,flickr2k,000488,train,2040,1272,2.59488,False
df2k_ost,train,df2k_ost,water_328,train,600,600,0.36,False
flickr2k,train,flickr2k,002090,train,1524,2040,3.10896,False
sintel,train,sintel,market_4,train,1024,436,0.446464,False
flickr2k,train,flickr2k,001476,train,2040,1356,2.76624,False
flickr2k,train,flickr2k,001974,train,2040,1344,2.74176,False
flickr2k,train,flickr2k,000300,train,2040,1356,2.76624,False
flickr2k,train,flickr2k,000623,train,2040,1152,2.35008,False
sintel,train,sintel,bandage_1,train,1024,436,0.446464,False
sintel,train,sintel,tiger,train,1024,436,0.446464,False
sintel,train,sintel,ambush_2,train,1024,436,0.446464,False
flickr2k,train,flickr2k,000103,train,2040,1356,2.76624,False
sintel,train,sintel,temple_2,train,1024,436,0.446464,False
flickr2k,train,flickr2k,001386,train,2040,1140,2.3256,False
div2k,train,div2k,0867,train,1356,2040,2.76624,False
sintel,train,sintel,bamboo_3,train,1024,436,0.446464,False
flickr2k,train,flickr2k,001989,train,2040,1140,2.3256,False
realsr_v3,train,realsr_v3,Nikon_026_HR,train,3000,1400,4.2,False
sintel,train,sintel,market_5,train,1024,436,0.446464,False
sintel,train,sintel,bamboo_1,train,1024,436,0.446464,False
flickr2k,train,flickr2k,002150,train,2040,1524,3.10896,False
sintel,train,sintel,temple_3,train,1024,436,0.446464,False
div2k,train,div2k,0805,train,2040,1536,3.13344,False
sintel,train,sintel,bamboo_1,train,1024,436,0.446464,False
sintel,train,sintel,bandage_2,train,1024,436,0.446464,False
div2k,train,div2k,0129,train,2040,1356,2.76624,False
flickr2k,train,flickr2k,001372,train,2040,1356,2.76624,False
flickr2k,train,flickr2k,001211,train,2028,1356,2.749968,False
flickr2k,train,flickr2k,000081,train,2040,1356,2.76624,False
sintel,train,sintel,ambush_5,train,1024,436,0.446464,False
div2k,train,div2k,0187,train,2040,1356,2.76624,False
div2k,train,div2k,0788,train,2040,1356,2.76624,False
sintel,train,sintel,market_6,train,1024,436,0.446464,False
div2k,train,div2k,0448,train,2040,1536,3.13344,False
flickr2k,train,flickr2k,001908,train,2028,1140,2.31192,False
div2k,train,div2k,0652,train,2040,1356,2.76624,False
sintel,train,sintel,temple_3,train,1024,436,0.446464,False
sintel,train,sintel,PERTURBED_market_3,train,1024,436,0.446464,False
flickr2k,train,flickr2k,001141,train,2040,1356,2.76624,False
flickr2k,train,flickr2k,001720,train,2040,1356,2.76624,False
div2k,train,div2k,0128,train,2040,1284,2.61936,False
sintel,train,sintel,mountain_2,train,1024,436,0.446464,False
sintel,train,sintel,tiger,train,1024,436,0.446464,False
sintel,train,sintel,bamboo_3,train,1024,436,0.446464,False
div2k,train,div2k,0063,train,2040,1584,3.23136,False
realsr_v3,train,realsr_v3,Canon_084_HR,train,1500,1400,2.1,False
flickr2k,train,flickr2k,001039,train,2040,1356,2.76624,False
sintel,train,sintel,shaman_2,train,1024,436,0.446464,False
flickr2k,train,flickr2k,001233,train,1920,1152,2.21184,False
sintel,train,sintel,ambush_6,train,1024,436,0.446464,False
div2k,train,div2k,0414,train,1356,2040,2.76624,False
sintel,train,sintel,cave_2,train,1024,436,0.446464,False
flickr2k,train,flickr2k,002203,train,2040,1356,2.76624,False
flickr2k,train,flickr2k,000050,train,1296,2028,2.628288,False
div2k,train,div2k,0329,train,1356,2040,2.76624,False
flickr2k,train,flickr2k,000550,train,2040,1524,3.10896,False
sintel,train,sintel,alley_1,train,1024,436,0.446464,False
sintel,train,sintel,ambush_1,train,1024,436,0.446464,False
sintel,train,sintel,wall,train,1024,436,0.446464,False
div2k,train,div2k,0877,train,2040,1152,2.35008,False
div2k,train,div2k,0551,val,2040,1356,2.76624,False
realsr_v3,train,realsr_v3,Nikon_056_HR,train,700,1800,1.26,False
flickr2k,train,flickr2k,001268,train,1596,1068,1.704528,False
flickr2k,train,flickr2k,002283,train,1920,1080,2.0736,False
sintel,train,sintel,market_5,train,1024,436,0.446464,False
realsr_v3,train,realsr_v3,Canon_156_HR,train,1000,1000,1.0,False
sintel,train,sintel,bandage_2,train,1024,436,0.446464,False
div2k,train,div2k,0857,train,2040,1416,2.88864,False
flickr2k,train,flickr2k,000850,train,1356,2040,2.76624,False
sintel,train,sintel,sleeping_1,train,1024,436,0.446464,False
sintel,train,sintel,market_2,train,1024,436,0.446464,False
flickr2k,train,flickr2k,000055,train,2040,1344,2.74176,False
flickr2k,train,flickr2k,001332,train,2040,1500,3.06,False
sintel,train,sintel,temple_3,train,1024,436,0.446464,False
sintel,train,sintel,shaman_3,train,1024,436,0.446464,False
flickr2k,train,flickr2k,000217,train,2040,1356,2.76624,False
flickr2k,train,flickr2k,000864,train,2040,1356,2.76624,False
flickr2k,train,flickr2k,001605,train,2040,1296,2.64384,False
sintel,train,sintel,alley_1,train,1024,436,0.446464,False
flickr2k,train,flickr2k,001428,train,1524,2040,3.10896,False
realsr_v3,train,realsr_v3,Canon_171_HR,train,1000,1000,1.0,False
flickr2k,train,flickr2k,000700,train,2040,1344,2.74176,False
div2k,train,div2k,0088,train,2040,1356,2.76624,False
sintel,train,sintel,market_2,train,1024,436,0.446464,False
sintel,train,sintel,sleeping_1,train,1024,436,0.446464,False
sintel,train,sintel,PERTURBED_shaman_1,val,1024,436,0.446464,False
flickr2k,train,flickr2k,002238,train,1800,1200,2.16,False
sintel,train,sintel,bandage_2,train,1024,436,0.446464,False
flickr2k,train,flickr2k,000256,train,2040,1356,2.76624,False
sintel,train,sintel,mountain_1,train,1024,436,0.446464,False
flickr2k,train,flickr2k,001421,train,2040,1356,2.76624,False
div2k,train,div2k,0647,train,2040,1356,2.76624,False
sintel,train,sintel,shaman_3,train,1024,436,0.446464,False
flickr2k,train,flickr2k,001808,train,2040,1140,2.3256,False
sintel,train,sintel,tiger,train,1024,436,0.446464,False
flickr2k,train,flickr2k,000742,train,2040,1356,2.76624,False
div2k,train,div2k,0001,train,2040,1404,2.86416,False
flickr2k,train,flickr2k,001758,train,2040,1356,2.76624,False
flickr2k,train,flickr2k,001788,train,2040,1356,2.76624,False
realsr_v3,train,realsr_v3,Nikon_001_HR,train,2950,1650,4.8675,False
div2k,train,div2k,0617,train,2040,1356,2.76624,False
flickr2k,train,flickr2k,002610,train,2040,1356,2.76624,False
sintel,train,sintel,cave_4,train,1024,436,0.446464,False
sintel,train,sintel,cave_2,train,1024,436,0.446464,False
div2k,train,div2k,0471,train,2040,1356,2.76624,False
sintel,train,sintel,ambush_7,train,1024,436,0.446464,False
flickr2k,train,flickr2k,001884,train,2040,1356,2.76624,False
realsr_v3,train,realsr_v3,Nikon_064_HR,train,1800,2200,3.96,False
realsr_v3,train,realsr_v3,Nikon_168_HR,train,2000,1000,2.0,False
flickr2k,train,flickr2k,002165,train,2040,1308,2.66832,False
flickr2k,train,flickr2k,001397,train,1560,1128,1.75968,False
sintel,train,sintel,sleeping_1,train,1024,436,0.446464,False
sintel,train,sintel,PERTURBED_shaman_1,val,1024,436,0.446464,False
sintel,train,sintel,sleeping_2,train,1024,436,0.446464,False
div2k,train,div2k,0343,train,2040,1200,2.448,False
realsr_v3,train,realsr_v3,Nikon_041_HR,train,1400,2000,2.8,False
realsr_v3,train,realsr_v3,Nikon_172_HR,train,1200,2000,2.4,False
div2k,train,div2k,0884,train,2040,1356,2.76624,False
sintel,train,sintel,market_6,train,1024,436,0.446464,False
sintel,train,sintel,wall,train,1024,436,0.446464,False
flickr2k,train,flickr2k,001606,train,1356,2040,2.76624,False
flickr2k,train,flickr2k,001492,train,1668,2040,3.40272,False
flickr2k,train,flickr2k,002346,train,2040,1356,2.76624,False
flickr2k,train,flickr2k,001763,train,1380,2040,2.8152,False
flickr2k,train,flickr2k,001084,train,1812,1200,2.1744,False
div2k,train,div2k,0275,train,2040,1356,2.76624,False
flickr2k,train,flickr2k,001857,train,2040,1524,3.10896,False
realsr_v3,train,realsr_v3,Canon_134_HR,train,1500,1000,1.5,False
flickr2k,train,flickr2k,000793,train,2040,1464,2.98656,False
flickr2k,train,flickr2k,000893,train,2040,1968,4.01472,False
flickr2k,train,flickr2k,002131,train,2040,1356,2.76624,False
realsr_v3,train,realsr_v3,Canon_039_HR,train,800,1000,0.8,False
realsr_v3,train,realsr_v3,Nikon_002_HR,train,2000,1300,2.6,False
realsr_v3,train,realsr_v3,Nikon_133_HR,train,1800,2000,3.6,False
div2k,train,div2k,0363,train,2040,1356,2.76624,False
div2k,train,div2k,0111,train,2040,1356,2.76624,False
div2k,train,div2k,0573,train,2040,1356,2.76624,False
div2k,train,div2k,0271,train,2040,1536,3.13344,False
realsr_v3,train,realsr_v3,Canon_178_HR,train,2000,1500,3.0,False
realsr_v3,train,realsr_v3,Canon_204_HR,train,1200,999,1.1988,False
realsr_v3,train,realsr_v3,Canon_201_HR,train,999,999,0.998001,False
div2k,train,div2k,0831,train,2040,1356,2.76624,False
div2k,train,div2k,0165,train,2040,1356,2.76624,False
div2k,train,div2k,0897,train,2040,1368,2.79072,False
realsr_v3,train,realsr_v3,Canon_146_HR,train,1200,1000,1.2,False
div2k,train,div2k,0379,train,2040,1368,2.79072,False
realsr_v3,train,realsr_v3,Nikon_081_HR,train,2200,1400,3.08,False
div2k,train,div2k,0699,train,1572,2040,3.20688,False
div2k,train,div2k,0822,train,2040,1596,3.25584,False
div2k,train,div2k,0885,train,2040,1356,2.76624,False
div2k,train,div2k,0547,train,2040,1152,2.35008,False
realsr_v3,train,realsr_v3,Nikon_068_HR,train,1100,1600,1.76,False
div2k,train,div2k,0717,train,2040,1356,2.76624,False
div2k,train,div2k,0663,train,2040,1356,2.76624,False
div2k,train,div2k,0402,train,2040,1356,2.76624,False
div2k,train,div2k,0461,train,1440,2040,2.9376,False
div2k,train,div2k,0298,train,2040,1224,2.49696,False
realsr_v3,train,realsr_v3,Canon_008_HR,train,1200,800,0.96,False
realsr_v3,train,realsr_v3,Nikon_098_HR,train,1900,1400,2.66,False
div2k,train,div2k,0265,train,2040,1356,2.76624,False
div2k,train,div2k,0479,train,2040,1356,2.76624,False
div2k,train,div2k,0040,train,2040,1356,2.76624,False
div2k,train,div2k,0140,train,2040,1356,2.76624,False
realsr_v3,train,realsr_v3,Canon_065_HR,train,1400,900,1.26,False
div2k,train,div2k,0318,train,2040,1356,2.76624,False
realsr_v3,train,realsr_v3,Canon_182_HR,train,1200,1500,1.8,False
div2k,train,div2k,0743,train,2040,1356,2.76624,False
realsr_v3,train,realsr_v3,Nikon_219_HR,train,2100,1200,2.52,False
realsr_v3,train,realsr_v3,Canon_075_HR,train,1400,900,1.26,False
div2k,train,div2k,0574,train,2040,1332,2.71728,False
realsr_v3,train,realsr_v3,Nikon_015_HR,train,1400,1600,2.24,False
realsr_v3,train,realsr_v3,Canon_169_HR,train,1000,1000,1.0,False
div2k,train,div2k,0656,train,2040,1320,2.6928,False
div2k,train,div2k,0098,train,2040,1536,3.13344,False
div2k,train,div2k,0615,train,1356,2040,2.76624,False
realsr_v3,train,realsr_v3,Nikon_019_HR,train,1600,1600,2.56,False
div2k,train,div2k,0648,train,2040,1356,2.76624,False
div2k,train,div2k,0863,train,1500,2040,3.06,False
div2k,train,div2k,0492,train,2040,1356,2.76624,False
div2k,train,div2k,0467,train,1356,2040,2.76624,False
realsr_v3,train,realsr_v3,Canon_073_HR,train,1400,900,1.26,False
div2k,train,div2k,0279,train,2040,1356,2.76624,False
div2k,train,div2k,0036,train,2040,1536,3.13344,False
realsr_v3,train,realsr_v3,Canon_177_HR,train,1000,1000,1.0,False
div2k,train,div2k,0324,train,1356,2040,2.76624,False
div2k,train,div2k,0503,train,2040,1356,2.76624,False
realsr_v3,train,realsr_v3,Canon_212_HR,train,1398,1500,2.097,False
realsr_v3,train,realsr_v3,Canon_213_HR,train,1998,1500,2.997,False
realsr_v3,train,realsr_v3,Nikon_075_HR,train,1400,1400,1.96,False
realsr_v3,train,realsr_v3,Canon_011_HR,train,1200,800,0.96,False
realsr_v3,train,realsr_v3,Nikon_212_HR,train,2100,1098,2.3058,False
div2k,train,div2k,0474,train,2040,1356,2.76624,False
div2k,train,div2k,0821,train,2040,1356,2.76624,False
realsr_v3,train,realsr_v3,Nikon_009_HR,train,2000,2000,4.0,False
div2k,train,div2k,0145,train,2040,732,1.49328,False
realsr_v3,train,realsr_v3,Canon_078_HR,train,1400,1300,1.82,False
realsr_v3,train,realsr_v3,Nikon_224_HR,train,1749,1800,3.1482,False
realsr_v3,train,realsr_v3,Canon_123_HR,train,1200,800,0.96,False
div2k,train,div2k,0477,train,2040,1356,2.76624,False
div2k,train,div2k,0458,train,2040,1356,2.76624,False
div2k,train,div2k,0143,train,2040,1356,2.76624,False
realsr_v3,train,realsr_v3,Nikon_032_HR,train,1800,1200,2.16,False
realsr_v3,train,realsr_v3,Canon_042_HR,train,1000,1000,1.0,False
realsr_v3,train,realsr_v3,Canon_100_HR,train,1200,1000,1.2,False
realsr_v3,train,realsr_v3,Canon_024_HR,train,1200,800,0.96,False
realsr_v3,train,realsr_v3,Nikon_206_HR,train,950,1200,1.14,False
realsr_v3,train,realsr_v3,Nikon_016_HR,train,2500,1600,4.0,False
realsr_v3,train,realsr_v3,Canon_165_HR,train,1500,1500,2.25,False
realsr_v3,train,realsr_v3,Canon_131_HR,train,2600,2300,5.98,False
realsr_v3,train,realsr_v3,Canon_132_HR,train,1200,1400,1.68,False
realsr_v3,train,realsr_v3,Canon_127_HR,train,1200,800,0.96,False
realsr_v3,train,realsr_v3,Canon_122_HR,val,1200,800,0.96,False
realsr_v3,train,realsr_v3,Nikon_126_HR,train,1200,2000,2.4,False
realsr_v3,train,realsr_v3,Canon_194_HR,train,1800,1500,2.7,False
realsr_v3,train,realsr_v3,Nikon_049_HR,val,1700,1400,2.38,False
realsr_v3,train,realsr_v3,Canon_081_HR,train,1000,1300,1.3,False
realsr_v3,train,realsr_v3,Nikon_080_HR,train,1600,1400,2.24,False
realsr_v3,train,realsr_v3,Canon_136_HR,train,1000,800,0.8,False
realsr_v3,train,realsr_v3,Canon_101_HR,train,900,1200,1.08,False
realsr_v3,train,realsr_v3,Nikon_116_HR,train,1500,2800,4.2,False
realsr_v3,train,realsr_v3,Canon_070_HR,train,1000,1000,1.0,False
realsr_v3,train,realsr_v3,Nikon_142_HR,train,1700,1700,2.89,False
realsr_v3,train,realsr_v3,Nikon_199_HR,train,1500,1200,1.8,False
realsr_v3,train,realsr_v3,Nikon_119_HR,train,2000,1600,3.2,False
realsr_v3,train,realsr_v3,Canon_051_HR,train,1400,900,1.26,False
realsr_v3,train,realsr_v3,Nikon_141_HR,train,1600,1200,1.92,False
realsr_v3,train,realsr_v3,Canon_170_HR,train,1000,1000,1.0,False
realsr_v3,train,realsr_v3,Nikon_065_HR,train,1600,2000,3.2,False
realsr_v3,train,realsr_v3,Canon_055_HR,train,1400,900,1.26,False
realsr_v3,train,realsr_v3,Canon_097_HR,train,1200,1000,1.2,False
realsr_v3,train,realsr_v3,Nikon_031_HR,train,2200,2400,5.28,False
