round,elapsed_min,step,epoch,train_loss,train_psnr_rgb,lr,img_per_s,mem_gb,util_pct,val_psnr_y,val_ssim_y,val_bicubic_psnr_y,best_val_psnr_y,val_gain_db
0,10.1,870,22,0.2242577212980424,27.044634518678162,0.000999519820568495,1469.534127930125,"[6.99, 6.99]","[100.0, 98.0]",32.01805114746094,0.8611915707588196,31.562559127807617,32.01805114746094,0.4554920196533203
1,20.25,1750,46,0.04473059394142844,30.664404296875,0.0009942172370315298,1488.5388222822974,"[6.99, 6.99]","[100.0, 100.0]",32.220401763916016,0.8641224503517151,31.562559127807617,32.220401763916016,0.6578426361083984
2,30.41,2630,69,0.044031355597756124,30.89673517400568,0.0009831037386373621,1484.5366121289983,"[6.99, 6.99]","[85.0, 100.0]",32.40000534057617,0.8668720126152039,31.562559127807617,32.40000534057617,0.8374462127685547
3,40.56,3510,92,0.043128100308504974,31.156589577414774,0.0009663235350815044,1485.4444936840005,"[6.99, 6.99]","[100.0, 100.0]",32.63756561279297,0.8706223964691162,31.562559127807617,32.63756561279297,1.0750064849853516
4,50.63,4380,115,0.04224680319599722,31.394986979166667,0.0009442723049888387,1480.7130480730696,"[6.99, 6.99]","[100.0, 100.0]",32.85163116455078,0.874182403087616,31.562559127807617,32.85163116455078,1.289072036743164
5,60.68,5250,138,0.041663991993871226,31.554512392241378,0.0009171288129364843,1482.618338898046,"[6.99, 6.99]","[96.0, 100.0]",32.998817443847656,0.8767684698104858,31.562559127807617,32.998817443847656,1.436258316040039
6,70.75,6120,161,0.04131735439958244,31.653331537356323,0.000885121875651621,1480.007435879509,"[6.99, 6.99]","[96.0, 99.0]",33.08467483520508,0.8783004283905029,31.562559127807617,33.08467483520508,1.522115707397461
7,80.83,6990,183,0.04107763356175916,31.71877469468391,0.0008486542474838873,1479.623791644585,"[6.99, 6.99]","[100.0, 100.0]",33.15221405029297,0.8794799447059631,31.562559127807617,33.15221405029297,1.5896549224853516
8,90.91,7860,206,0.04087776973329742,31.778847880747126,0.0008081031665680059,1477.7905430971728,"[6.99, 6.99]","[100.0, 100.0]",33.20341491699219,0.8803286552429199,31.562559127807617,33.20341491699219,1.6408557891845703
9,101.01,8730,229,0.040696720693303254,31.83114673132184,0.0007639227376802293,1475.8740838226554,"[6.99, 6.99]","[100.0, 100.0]",33.24562072753906,0.880999743938446,31.562559127807617,33.24562072753906,1.6830615997314453
10,111.11,9600,252,0.04056585903825431,31.87169989224138,0.0007166720983077426,1475.7839333166985,"[6.99, 6.99]","[100.0, 100.0]",33.281517028808594,0.8815359473228455,31.562559127807617,33.281517028808594,1.7189579010009766
11,121.21,10470,275,0.04050452133704876,31.888465337643677,0.000666937838111441,1476.6983715461756,"[6.99, 6.99]","[80.0, 100.0]",33.313621520996094,0.8820157647132874,31.562559127807617,33.313621520996094,1.7510623931884766
12,131.3,11340,298,0.04034475129226158,31.931705729166666,0.0006152902029388597,1477.2412086422787,"[6.99, 6.99]","[100.0, 99.0]",33.34286117553711,0.8824769258499146,31.562559127807617,33.34286117553711,1.7803020477294922
13,141.4,12210,321,0.04029004327182112,31.94862158764368,0.0005622741790000589,1476.2706701103223,"[6.99, 6.99]","[100.0, 99.0]",33.366615295410156,0.8828296661376953,31.562559127807617,33.366615295410156,1.804056167602539
14,151.49,13080,344,0.040221536570581896,31.96918552442529,0.0005085379620422491,1476.3024659481052,"[6.99, 6.99]","[100.0, 100.0]",33.387325286865234,0.8831216096878052,31.562559127807617,33.387325286865234,1.8247661590576172
15,161.59,13950,367,0.040177470240099676,31.98253412356322,0.0004547035887855877,1476.152897344583,"[6.99, 6.99]","[100.0, 100.0]",33.405494689941406,0.8833773136138916,31.562559127807617,33.405494689941406,1.842935562133789
16,171.7,14820,390,0.0401385603279903,31.995254130747128,0.00040136422013383263,1475.1158710217726,"[6.99, 6.99]","[0.0, 20.0]",33.42203903198242,0.8836162090301514,31.562559127807617,33.42203903198242,1.8594799041748047
17,181.79,15690,412,0.04008721537973689,32.00934806034483,0.00034924691664596914,1477.3055289720924,"[6.99, 6.99]","[100.0, 100.0]",33.43680953979492,0.8838355541229248,31.562559127807617,33.43680953979492,1.8742504119873047
18,191.89,16560,435,0.040061433287872664,32.01991289511494,0.00029884881527506154,1475.7967424238261,"[6.99, 6.99]","[100.0, 100.0]",33.448787689208984,0.8840109705924988,31.562559127807617,33.448787689208984,1.8862285614013672
19,201.99,17430,458,0.04001752480693247,32.02961117097701,0.00025081673603768426,1476.4124076050748,"[6.99, 6.99]","[99.0, 100.0]",33.45850372314453,0.8841609954833984,31.562559127807617,33.45850372314453,1.895944595336914
20,212.09,18300,481,0.040018480673603626,32.03111081178161,0.0002056685548062466,1475.8670204433463,"[6.99, 6.99]","[99.0, 100.0]",33.46660232543945,0.884286642074585,31.562559127807617,33.46660232543945,1.904043197631836
21,222.19,19170,504,0.039957620905733654,32.045341684626436,0.00016392703599238867,1474.959401881841,"[6.99, 6.99]","[97.0, 100.0]",33.4731330871582,0.8843868374824524,31.562559127807617,33.4731330871582,1.910573959350586
22,232.3,20040,527,0.039972379837913075,32.04334366020115,0.00012610824857562768,1475.0205145310451,"[6.99, 6.99]","[100.0, 99.0]",33.4786491394043,0.8844689726829529,31.562559127807617,33.4786491394043,1.9160900115966797
23,242.41,20910,550,0.03994949603902882,32.04940732758621,9.263748732829468e-05,1474.3414520730162,"[6.99, 6.99]","[81.0, 100.0]",33.483280181884766,0.8845428228378296,31.562559127807617,33.483280181884766,1.9207210540771484
24,252.51,21780,573,0.0399365392224542,32.05335398706897,6.395831338791425e-05,1476.3409874423794,"[6.99, 6.99]","[100.0, 99.0]",33.486690521240234,0.8845890164375305,31.562559127807617,33.486690521240234,1.9241313934326172
25,262.61,22650,596,0.03992853274290589,32.05545752514368,4.0337005159617474e-05,1474.9628969076866,"[6.99, 6.99]","[100.0, 100.0]",33.48957443237305,0.8846343755722046,31.562559127807617,33.48957443237305,1.9270153045654297
26,272.71,23520,618,0.039916470407069415,32.060546875,2.2090077328280813e-05,1476.2716447175003,"[6.99, 6.99]","[100.0, 100.0]",33.49189376831055,0.8846703171730042,31.562559127807617,33.49189376831055,1.9293346405029297
27,282.81,24390,641,0.03991349318931842,32.06029319324713,9.40509991762462e-06,1475.9618719321738,"[6.99, 6.99]","[100.0, 100.0]",33.493404388427734,0.8846924304962158,31.562559127807617,33.493404388427734,1.9308452606201172
28,292.91,25260,664,0.03990150100883396,32.06205100574713,2.4342027625302075e-06,1476.0434590368702,"[6.99, 6.99]","[78.0, 100.0]",33.494529724121094,0.8847107291221619,31.562559127807617,33.494529724121094,1.9319705963134766
29,300.12,25880,681,0.039914334204889115,32.06090599798387,1e-06,1475.0904630501984,"[6.99, 6.99]","[81.0, 99.0]",33.4947509765625,0.8847126960754395,31.562559127807617,33.4947509765625,1.9321918487548828
