sequence,frame,psnr_y,ssim_y,psnr_rgb,bicubic_psnr_y,bicubic_ssim_y,temporal_err_model,temporal_err_bicubic
calendar,0,22.689552307128906,0.7480982542037964,21.139190673828125,21.601200103759766,0.6681596040725708,,
calendar,1,22.618200302124023,0.7478709816932678,21.062992095947266,21.539880752563477,0.6675086617469788,0.04797162488102913,0.051995933055877686
calendar,2,22.603254318237305,0.7476468682289124,21.049270629882812,21.50102424621582,0.6659733653068542,0.046377480030059814,0.04982571676373482
calendar,3,22.65650749206543,0.7481045722961426,21.096467971801758,21.528411865234375,0.6658855080604553,0.042070239782333374,0.04495306685566902
calendar,4,22.713048934936523,0.7491825819015503,21.14192771911621,21.604764938354492,0.6683639883995056,0.03673560172319412,0.03942251577973366
calendar,5,22.7506103515625,0.7503081560134888,21.181285858154297,21.628211975097656,0.6692938208580017,0.034395985305309296,0.03701165318489075
calendar,6,22.79351043701172,0.7524861693382263,21.22394371032715,21.635997772216797,0.6701105237007141,0.037708330899477005,0.04066867008805275
calendar,7,22.80795669555664,0.7537179589271545,21.238628387451172,21.66384506225586,0.6716533303260803,0.037804119288921356,0.04081267863512039
calendar,8,22.79193878173828,0.7530866265296936,21.222381591796875,21.65174674987793,0.6717647910118103,0.035263266414403915,0.03802473098039627
calendar,9,22.846607208251953,0.7538115978240967,21.269145965576172,21.6904296875,0.6729615926742554,0.03243590518832207,0.03490419313311577
calendar,10,22.886409759521484,0.7540817260742188,21.30978012084961,21.696083068847656,0.6723052263259888,0.032171960920095444,0.03466307371854782
calendar,11,22.893749237060547,0.754101574420929,21.316226959228516,21.709144592285156,0.6722569465637207,0.032480638474226,0.03509995713829994
calendar,12,22.938549041748047,0.7559887170791626,21.36261749267578,21.748323440551758,0.6745737195014954,0.03432957082986832,0.03733189031481743
calendar,13,23.059120178222656,0.7594510912895203,21.472450256347656,21.854938507080078,0.6790788769721985,0.03283504769206047,0.03586970642209053
calendar,14,23.033979415893555,0.7595349550247192,21.450347900390625,21.829072952270508,0.6781973838806152,0.034259919077157974,0.037505559623241425
calendar,15,23.050708770751953,0.7591221928596497,21.465328216552734,21.82379150390625,0.6775000691413879,0.03444814309477806,0.03764570876955986
calendar,16,23.14385223388672,0.7624305486679077,21.54707908630371,21.894472122192383,0.6807111501693726,0.0337388850748539,0.036833472549915314
calendar,17,23.08820915222168,0.7619034051895142,21.499433517456055,21.87044906616211,0.6813441514968872,0.03324662894010544,0.03629576414823532
calendar,18,23.04964256286621,0.7614895105361938,21.46219253540039,21.849124908447266,0.6807184815406799,0.03614908829331398,0.0397723950445652
calendar,19,23.047971725463867,0.7600901126861572,21.465057373046875,21.8662109375,0.6806355118751526,0.03885645791888237,0.042860422283411026
calendar,20,23.076324462890625,0.76165372133255,21.498802185058594,21.868934631347656,0.6811670660972595,0.040321096777915955,0.044687677174806595
calendar,21,22.97004508972168,0.7606372833251953,21.392578125,21.80130386352539,0.680181086063385,0.04207224026322365,0.046685509383678436
calendar,22,22.91265869140625,0.7581171989440918,21.349552154541016,21.795156478881836,0.6799482703208923,0.04630141705274582,0.051579225808382034
calendar,23,22.96471405029297,0.7589982151985168,21.40108871459961,21.8132381439209,0.6802119016647339,0.04748981073498726,0.053006477653980255
calendar,24,23.064165115356445,0.7615625858306885,21.4859561920166,21.85507583618164,0.6809589266777039,0.04475953429937363,0.04976382851600647
calendar,25,22.96448516845703,0.7588936686515808,21.397296905517578,21.821317672729492,0.6802404522895813,0.045982781797647476,0.05119939148426056
calendar,26,22.94116973876953,0.7585732936859131,21.369295120239258,21.823665618896484,0.6815240383148193,0.048427432775497437,0.05401312932372093
calendar,27,22.93663215637207,0.7584179043769836,21.374605178833008,21.775257110595703,0.6789959669113159,0.0486316978931427,0.05425187200307846
calendar,28,22.95703887939453,0.7602616548538208,21.38595199584961,21.757530212402344,0.6785814166069031,0.046420831233263016,0.05164983496069908
calendar,29,22.902603149414062,0.7592620253562927,21.335575103759766,21.744325637817383,0.6789238452911377,0.04520224407315254,0.050128232687711716
calendar,30,22.91930389404297,0.7599474191665649,21.347747802734375,21.729280471801758,0.6786292791366577,0.044912297278642654,0.04977479949593544
calendar,31,22.93199348449707,0.7600676417350769,21.3564453125,21.744539260864258,0.6795142292976379,0.04365316033363342,0.04836944118142128
calendar,32,22.894397735595703,0.7597611546516418,21.324573516845703,21.754375457763672,0.6809633374214172,0.045788511633872986,0.05086085572838783
calendar,33,22.924579620361328,0.7611150145530701,21.357608795166016,21.790462493896484,0.6815670728683472,0.04686896130442619,0.05197405070066452
calendar,34,22.927095413208008,0.7591868042945862,21.355327606201172,21.80034828186035,0.6814765334129333,0.048692040145397186,0.054186929017305374
calendar,35,22.92733383178711,0.7602358460426331,21.361066818237305,21.85309600830078,0.6842478513717651,0.05044419690966606,0.056200601160526276
calendar,36,22.995704650878906,0.7615821361541748,21.423973083496094,21.897232055664062,0.685077428817749,0.0507742315530777,0.056647054851055145
calendar,37,23.016544342041016,0.7618788480758667,21.44792938232422,21.902511596679688,0.6848170757293701,0.0501844547688961,0.056028034538030624
calendar,38,23.004974365234375,0.7616158723831177,21.43509292602539,21.91201400756836,0.686017632484436,0.05080361291766167,0.05684218555688858
calendar,39,22.97271728515625,0.7620256543159485,21.40342903137207,21.878826141357422,0.6854349374771118,0.05199321359395981,0.05806208774447441
calendar,40,22.966354370117188,0.7616444826126099,21.396282196044922,21.895084381103516,0.6859160661697388,0.05269808694720268,0.059062544256448746
city,0,26.654815673828125,0.7542819976806641,25.15406608581543,26.078731536865234,0.7016401290893555,,
city,1,26.769908905029297,0.7511221766471863,25.285743713378906,26.16680908203125,0.6973217725753784,0.03445183113217354,0.037040747702121735
city,2,27.070932388305664,0.7544086575508118,25.593605041503906,26.43255043029785,0.7005940079689026,0.03810220956802368,0.04076530039310455
city,3,27.36905288696289,0.7647541165351868,25.898046493530273,26.72001075744629,0.7130362391471863,0.0394851416349411,0.042266666889190674
city,4,27.167343139648438,0.7651634216308594,25.679176330566406,26.53446388244629,0.712535560131073,0.03898924961686134,0.041912179440259933
city,5,26.96066665649414,0.7576586008071899,25.473947525024414,26.334651947021484,0.7041743993759155,0.03856334462761879,0.04136335477232933
city,6,27.277843475341797,0.7604839205741882,25.801815032958984,26.625192642211914,0.707966148853302,0.03864927589893341,0.04137612134218216
city,7,27.409923553466797,0.7637630105018616,25.93950653076172,26.747234344482422,0.7110563516616821,0.03911706805229187,0.04187557473778725
city,8,27.125654220581055,0.7603819966316223,25.647815704345703,26.494583129882812,0.7083995938301086,0.03934407979249954,0.042189065366983414
city,9,26.751522064208984,0.7537985444068909,25.269622802734375,26.162588119506836,0.7008329629898071,0.03724175691604614,0.03968198969960213
city,10,26.404027938842773,0.7393715977668762,24.92569351196289,25.843822479248047,0.6859830617904663,0.0354730561375618,0.03774605318903923
city,11,26.64297103881836,0.7438609600067139,25.164833068847656,26.05706024169922,0.6903930902481079,0.03504514321684837,0.037002742290496826
city,12,26.509387969970703,0.7404206395149231,25.031431198120117,25.928354263305664,0.6861516833305359,0.03563569113612175,0.03746352344751358
city,13,26.297897338867188,0.7344610691070557,24.82053565979004,25.75015640258789,0.6811417937278748,0.03404221311211586,0.035975705832242966
city,14,26.14508628845215,0.7301160097122192,24.6651668548584,25.59648323059082,0.6757907271385193,0.02955293282866478,0.03111128881573677
city,15,26.031478881835938,0.7238330841064453,24.55560302734375,25.505094528198242,0.6694664359092712,0.02874181978404522,0.030209215357899666
city,16,26.046354293823242,0.7232393622398376,24.565616607666016,25.528491973876953,0.6693594455718994,0.02888394519686699,0.03028262034058571
city,17,25.921323776245117,0.7196886539459229,24.434337615966797,25.41244888305664,0.6655392646789551,0.026974046602845192,0.028207743540406227
city,18,26.206361770629883,0.7343065738677979,24.720067977905273,25.685197830200195,0.6813132762908936,0.02586391381919384,0.027376536279916763
city,19,26.41783905029297,0.7371962666511536,24.93526268005371,25.855884552001953,0.6838093400001526,0.031163856387138367,0.03298545256257057
city,20,26.34934425354004,0.7309573888778687,24.867698669433594,25.776607513427734,0.6768090128898621,0.03408166766166687,0.036065567284822464
city,21,26.354082107543945,0.7371077537536621,24.870773315429688,25.784114837646484,0.6824597716331482,0.03378180041909218,0.035690076649188995
city,22,26.50609016418457,0.739447295665741,25.027639389038086,25.95162582397461,0.6863248944282532,0.034616779536008835,0.03652243688702583
city,23,27.189607620239258,0.7590785622596741,25.70978546142578,26.536678314208984,0.7053390145301819,0.037916336208581924,0.04038335755467415
city,24,27.407569885253906,0.7681485414505005,25.92135238647461,26.74739646911621,0.7159530520439148,0.04005971550941467,0.04300810769200325
city,25,27.506175994873047,0.7776686549186707,26.007966995239258,26.829530715942383,0.7250944375991821,0.03865808621048927,0.04212828353047371
city,26,27.238094329833984,0.776087760925293,25.721891403198242,26.626251220703125,0.7257640361785889,0.03777485340833664,0.041142042726278305
city,27,27.760108947753906,0.792611300945282,26.235675811767578,27.110904693603516,0.744609534740448,0.03730231896042824,0.041003335267305374
city,28,28.012863159179688,0.8001945614814758,26.484519958496094,27.318632125854492,0.7515175938606262,0.037329498678445816,0.041514813899993896
city,29,27.582530975341797,0.7893211245536804,26.051542282104492,26.940425872802734,0.7402088642120361,0.037633854895830154,0.041904039680957794
city,30,27.25855827331543,0.7828937768936157,25.726436614990234,26.654396057128906,0.7335909008979797,0.03625193238258362,0.040254801511764526
city,31,26.96256446838379,0.7730180621147156,25.432952880859375,26.367233276367188,0.7225342392921448,0.03472917154431343,0.03837497904896736
city,32,27.023286819458008,0.773330807685852,25.497764587402344,26.40803337097168,0.7222446203231812,0.035051293671131134,0.03873301297426224
city,33,26.868898391723633,0.7678202390670776,25.355571746826172,26.254623413085938,0.7155187129974365,0.035248883068561554,0.038853373378515244
foliage,0,26.586105346679688,0.7770458459854126,25.2271671295166,25.509719848632812,0.7151616215705872,,
foliage,1,26.526939392089844,0.7747851610183716,25.17656135559082,25.450546264648438,0.7124439477920532,0.035338517278432846,0.03758294880390167
foliage,2,26.364891052246094,0.7710002660751343,24.996150970458984,25.297626495361328,0.7083961963653564,0.03113173507153988,0.03300848975777626
foliage,3,26.502397537231445,0.7770379781723022,25.151477813720703,25.394088745117188,0.7141982913017273,0.023649686947464943,0.024683784693479538
foliage,4,26.52498435974121,0.7789844274520874,25.17618179321289,25.392465591430664,0.7155908942222595,0.02352016232907772,0.024546988308429718
foliage,5,26.324081420898438,0.7733084559440613,24.965312957763672,25.221059799194336,0.7097617983818054,0.020221304148435593,0.021063899621367455
foliage,6,26.36794662475586,0.7744378447532654,25.02082061767578,25.260692596435547,0.7115374207496643,0.0216289721429348,0.022534910589456558
foliage,7,26.36747169494629,0.7743167281150818,25.021240234375,25.27178192138672,0.7114325761795044,0.021667366847395897,0.02254272811114788
foliage,8,26.187362670898438,0.7680990099906921,24.83048439025879,25.119789123535156,0.7045886516571045,0.022301672026515007,0.023185335099697113
foliage,9,26.559730529785156,0.7819414138793945,25.20868682861328,25.415613174438477,0.7186101078987122,0.023348115384578705,0.02429390884935856
foliage,10,26.488170623779297,0.7791174054145813,25.125446319580078,25.350847244262695,0.7153883576393127,0.027759229764342308,0.02898911014199257
foliage,11,26.27145767211914,0.7713585495948792,24.869781494140625,25.176162719726562,0.7069421410560608,0.02980376034975052,0.031199906021356583
foliage,12,26.349506378173828,0.7725643515586853,24.996891021728516,25.24452018737793,0.7085070013999939,0.03890078887343407,0.04119594767689705
foliage,13,26.406259536743164,0.7743527889251709,25.046432495117188,25.299558639526367,0.710591197013855,0.03897539898753166,0.04137597978115082
foliage,14,26.251834869384766,0.7690917253494263,24.886369705200195,25.184127807617188,0.7052571177482605,0.04198524355888367,0.044636473059654236
foliage,15,26.32784080505371,0.7715534567832947,24.981260299682617,25.24989891052246,0.7076781392097473,0.04525924101471901,0.04857964441180229
foliage,16,26.371593475341797,0.7728221416473389,25.023605346679688,25.296825408935547,0.7089646458625793,0.04651941731572151,0.05012916773557663
foliage,17,26.275842666625977,0.769255518913269,24.918203353881836,25.230619430541992,0.7057808041572571,0.04736420884728432,0.051156334578990936
foliage,18,26.528167724609375,0.7760217189788818,25.182247161865234,25.439491271972656,0.7128594517707825,0.04784882068634033,0.05180301144719124
foliage,19,26.46869659423828,0.7736302614212036,25.121591567993164,25.388763427734375,0.7101962566375732,0.04825689643621445,0.052797604352235794
foliage,20,26.38340187072754,0.7702412009239197,25.03103256225586,25.322181701660156,0.7063827514648438,0.048937004059553146,0.05331089720129967
foliage,21,26.512128829956055,0.7737102508544922,25.162832260131836,25.42795181274414,0.709807276725769,0.048847876489162445,0.05354650318622589
foliage,22,26.46834373474121,0.7724103331565857,25.121877670288086,25.40676498413086,0.7094227075576782,0.04911216348409653,0.05388611927628517
foliage,23,26.357452392578125,0.7688179612159729,25.003149032592773,25.277236938476562,0.7045028209686279,0.04972417652606964,0.05448354780673981
foliage,24,26.56975555419922,0.7768663763999939,25.216564178466797,25.45078468322754,0.7132821679115295,0.049413565546274185,0.0545254610478878
foliage,25,26.467212677001953,0.7740378975868225,25.099775314331055,25.38566780090332,0.7112194895744324,0.04872284084558487,0.05357107147574425
foliage,26,26.327865600585938,0.7686489224433899,24.91678237915039,25.2397518157959,0.7037340998649597,0.0493445061147213,0.05418671667575836
foliage,27,26.451032638549805,0.7724922299385071,25.07756805419922,25.34589385986328,0.7082796692848206,0.04929512366652489,0.054253868758678436
foliage,28,26.345861434936523,0.7704271674156189,24.985979080200195,25.26268768310547,0.7060695886611938,0.04890130087733269,0.053392887115478516
foliage,29,26.295927047729492,0.7694652080535889,24.917098999023438,25.237586975097656,0.7050069570541382,0.049025144428014755,0.053633913397789
foliage,30,26.413345336914062,0.7715651988983154,25.06052017211914,25.3450927734375,0.7083067297935486,0.049120280891656876,0.05358944460749626
foliage,31,26.377029418945312,0.771952748298645,25.026081085205078,25.311660766601562,0.7078824043273926,0.048684366047382355,0.05311739817261696
foliage,32,26.28805160522461,0.7684937715530396,24.928268432617188,25.252777099609375,0.7048526406288147,0.04880739375948906,0.0531376488506794
foliage,33,26.42280387878418,0.7719509601593018,25.07541847229004,25.357818603515625,0.7087046504020691,0.04904085397720337,0.05326470732688904
foliage,34,26.383460998535156,0.7712274789810181,25.03976058959961,25.33860969543457,0.7079170942306519,0.048146046698093414,0.05238700658082962
foliage,35,26.259422302246094,0.7657371759414673,24.905929565429688,25.22334098815918,0.702698290348053,0.04946549981832504,0.05373344197869301
foliage,36,26.5006046295166,0.7754870653152466,25.154685974121094,25.422334671020508,0.7118496894836426,0.04843471199274063,0.052628546953201294
foliage,37,26.34874153137207,0.770378053188324,25.009944915771484,25.29233169555664,0.7069455981254578,0.048435233533382416,0.052844706922769547
foliage,38,26.341129302978516,0.7703563570976257,24.988615036010742,25.267005920410156,0.7064782977104187,0.048355113714933395,0.052347581833601
foliage,39,26.61772918701172,0.7809411287307739,25.273521423339844,25.50890350341797,0.7182042598724365,0.0472099743783474,0.051514655351638794
foliage,40,26.3831729888916,0.7729495167732239,25.03342056274414,25.292757034301758,0.7089500427246094,0.04629472643136978,0.05003441870212555
foliage,41,26.36639404296875,0.7731053233146667,24.971906661987305,25.277515411376953,0.7089589834213257,0.046927276998758316,0.05096731707453728
foliage,42,26.30135726928711,0.7714689373970032,24.945743560791016,25.21042251586914,0.7072322964668274,0.046814925968647,0.050391990691423416
foliage,43,26.246868133544922,0.7694052457809448,24.900211334228516,25.15399169921875,0.7043527960777283,0.04715321958065033,0.05104867368936539
foliage,44,26.155107498168945,0.7670693397521973,24.7860164642334,25.071992874145508,0.7020689845085144,0.04651960730552673,0.04992815479636192
foliage,45,26.25176429748535,0.7705889344215393,24.907236099243164,25.166244506835938,0.7059179544448853,0.046640295535326004,0.05021391063928604
foliage,46,26.162723541259766,0.7668623328208923,24.8182373046875,25.065467834472656,0.7014937400817871,0.046820659190416336,0.050324469804763794
foliage,47,26.205007553100586,0.7686379551887512,24.84706687927246,25.103939056396484,0.7035123109817505,0.04780680313706398,0.051779184490442276
foliage,48,26.325809478759766,0.7712918519973755,24.982526779174805,25.21049690246582,0.7069401144981384,0.04700571298599243,0.050558291375637054
walk,0,30.2365665435791,0.9023138880729675,28.89815330505371,28.30561637878418,0.8631802201271057,,
walk,1,30.39576530456543,0.9051224589347839,29.061115264892578,28.413597106933594,0.866426944732666,0.016119565814733505,0.01963018998503685
walk,2,30.423490524291992,0.906169056892395,29.089599609375,28.459224700927734,0.8678786754608154,0.015998370945453644,0.019678601995110512
walk,3,30.25703239440918,0.9033874273300171,28.91312599182129,28.28824806213379,0.8639634251594543,0.015311227180063725,0.018901823088526726
walk,4,30.392227172851562,0.9058434963226318,29.05859375,28.409439086914062,0.8666055202484131,0.014283458702266216,0.01783682033419609
walk,5,30.45574378967285,0.9062488079071045,29.119163513183594,28.463172912597656,0.8667912483215332,0.012793418020009995,0.016136782243847847
walk,6,30.4337158203125,0.9054561257362366,29.085437774658203,28.3869571685791,0.8651136159896851,0.012731295078992844,0.01630660891532898
walk,7,30.490598678588867,0.9082292914390564,29.155075073242188,28.46432113647461,0.8681219220161438,0.013376752845942974,0.016942229121923447
walk,8,30.44510841369629,0.9083247780799866,29.110525131225586,28.43242645263672,0.8682459592819214,0.013907484710216522,0.017503097653388977
walk,9,30.255891799926758,0.9066135287284851,28.910240173339844,28.286535263061523,0.8660330772399902,0.014231064356863499,0.01785932667553425
walk,10,30.530715942382812,0.9116361141204834,29.192394256591797,28.454301834106445,0.8709496259689331,0.014869539998471737,0.018405869603157043
walk,11,30.468769073486328,0.9103298783302307,29.130630493164062,28.45086097717285,0.8708482384681702,0.014203607104718685,0.01798293925821781
walk,12,30.218307495117188,0.9059640169143677,28.864177703857422,28.296621322631836,0.8667768836021423,0.014483517967164516,0.01832004263997078
walk,13,30.352657318115234,0.9075233936309814,29.018001556396484,28.43429183959961,0.8686705827713013,0.014488502405583858,0.01821792684495449
walk,14,30.415658950805664,0.9073586463928223,29.083864212036133,28.53011703491211,0.8693596720695496,0.01418850664049387,0.018008140847086906
walk,15,30.34471321105957,0.9065549373626709,29.001768112182617,28.44784164428711,0.8678385615348816,0.013977613300085068,0.017779957503080368
walk,16,30.536727905273438,0.9110952615737915,29.205236434936523,28.537548065185547,0.8722925186157227,0.014311976730823517,0.018086884170770645
walk,17,30.556203842163086,0.9115313291549683,29.221860885620117,28.556888580322266,0.8729057312011719,0.01490565575659275,0.018851803615689278
walk,18,30.43343734741211,0.9092074036598206,29.095569610595703,28.418140411376953,0.8693283200263977,0.01429965253919363,0.01829337142407894
walk,19,30.544660568237305,0.9121296405792236,29.218366622924805,28.515737533569336,0.8730363249778748,0.014307581819593906,0.01831023208796978
walk,20,30.575685501098633,0.9129869937896729,29.24881935119629,28.50808334350586,0.8734561204910278,0.01434525940567255,0.018323762342333794
walk,21,30.371074676513672,0.9106670022010803,29.035062789916992,28.339115142822266,0.8708264231681824,0.014777049422264099,0.018867971375584602
walk,22,30.492746353149414,0.9134142398834229,29.168731689453125,28.436777114868164,0.8735276460647583,0.015207963064312935,0.019466524943709373
walk,23,30.436168670654297,0.9128233790397644,29.107419967651367,28.36168670654297,0.8729026913642883,0.015731986612081528,0.019941899925470352
walk,24,30.258543014526367,0.9103305339813232,28.92363739013672,28.235082626342773,0.8700574636459351,0.015269520692527294,0.019331300631165504
walk,25,30.529582977294922,0.9154688715934753,29.198871612548828,28.44534683227539,0.8757393956184387,0.015204380266368389,0.019300777465105057
walk,26,30.54886817932129,0.9156964421272278,29.218814849853516,28.43471336364746,0.8756568431854248,0.01573617197573185,0.019906308501958847
walk,27,30.341901779174805,0.9107726812362671,28.997486114501953,28.28246307373047,0.8703869581222534,0.01648603565990925,0.020805103704333305
walk,28,30.47882843017578,0.9132929444313049,29.15176773071289,28.401931762695312,0.8734471201896667,0.01539885625243187,0.01937742717564106
walk,29,30.49701690673828,0.9130592942237854,29.166393280029297,28.40009307861328,0.8727619647979736,0.016136374324560165,0.02025904692709446
walk,30,30.30428695678711,0.9098033905029297,28.968856811523438,28.23552894592285,0.8688973188400269,0.015427622012794018,0.019530216231942177
walk,31,30.46855926513672,0.9138010144233704,29.14585304260254,28.388452529907227,0.8738731145858765,0.016908226534724236,0.02091851457953453
walk,32,30.46492576599121,0.9138474464416504,29.14088249206543,28.371774673461914,0.8740905523300171,0.01635809987783432,0.01993102766573429
walk,33,30.30195426940918,0.911249577999115,28.970195770263672,28.2830810546875,0.8712295889854431,0.016201823949813843,0.019835151731967926
walk,34,30.497634887695312,0.9144619107246399,29.175832748413086,28.455429077148438,0.8745852708816528,0.016396421939134598,0.01977316103875637
walk,35,30.588436126708984,0.9130619764328003,29.266633987426758,28.48171043395996,0.8727812767028809,0.017102373763918877,0.020856795832514763
walk,36,30.430435180664062,0.9104416966438293,29.103153228759766,28.39735221862793,0.8707754611968994,0.01635853946208954,0.019997671246528625
walk,37,30.56468963623047,0.9146862030029297,29.241294860839844,28.494558334350586,0.8755071759223938,0.018244553357362747,0.022039111703634262
walk,38,30.569093704223633,0.9159576296806335,29.25113868713379,28.478717803955078,0.8761560916900635,0.01912025362253189,0.023294081911444664
walk,39,30.400558471679688,0.9136213660240173,29.076889038085938,28.34979820251465,0.87337327003479,0.01898471638560295,0.023034313693642616
walk,40,30.54935646057129,0.9171099066734314,29.229877471923828,28.467893600463867,0.8781592845916748,0.019217217341065407,0.0235463734716177
walk,41,30.61709213256836,0.9177649617195129,29.293842315673828,28.47235679626465,0.8781793713569641,0.018940633162856102,0.02339484542608261
walk,42,30.393924713134766,0.9145563244819641,29.060264587402344,28.274011611938477,0.8736026883125305,0.019329534843564034,0.02377435378730297
walk,43,30.39400291442871,0.9145165085792542,29.074880599975586,28.35484504699707,0.8750025629997253,0.019116118550300598,0.0237444955855608
walk,44,30.538084030151367,0.9177056550979614,29.218538284301758,28.43214225769043,0.8786911964416504,0.019955068826675415,0.024774136021733284
walk,45,30.388059616088867,0.9140089750289917,29.053173065185547,28.24663543701172,0.8737869262695312,0.01880151964724064,0.023366637527942657
walk,46,30.532520294189453,0.9155147075653076,29.207876205444336,28.407094955444336,0.8763217329978943,0.019634870812296867,0.02438553422689438
